mode,issue_hour,lead_hour_bin,subset,points,independent_days,crps,coverage,width,interval_score,mae,raw_mae,center_mae,rmse,raw_rmse,center_rmse
binned,0,0,all,48096,334,144.93961096181428,0.833416500332668,760.430148315648,1111.6284600547126,201.23607050719846,206.64540654662886,203.47812465865002,392.66450923550025,388.7782724662935,384.04016884442007
binned,0,0,daylight,26880,334,258.12250314288246,0.8063988095238095,1357.3612802579578,1980.0495328546217,358.26782083064194,364.63357862878206,357.5153694622834,525.0806286089698,519.0413190016599,512.2514300000676
binned,0,0,zero_pv,21216,334,1.5404715468860748,0.8676470588235294,4.137311465662549,11.3664673670452,2.281816703740816,6.4793966687877145,8.317814500200573,14.766231514184788,36.369874872073645,43.5154720453269
binned,0,1,all,2004,334,0.32969312014448665,0.8502994011976048,0.7183987131699615,2.3454887501741646,0.4629505051899084,0.0,1.04905135962043,1.1005249967036683,0.0,2.2268519992148343
binned,0,1,zero_pv,2004,334,0.32969312014448665,0.8502994011976048,0.7183987131699615,2.3454887501741646,0.4629505051899084,0.0,1.04905135962043,1.1005249967036683,0.0,2.2268519992148343
binned,0,2,all,2004,334,0.32969312014448665,0.8502994011976048,0.7183987131699615,2.3454887501741646,0.4629505051899084,0.0,1.04905135962043,1.1005249967036683,0.0,2.2268519992148343
binned,0,2,zero_pv,2004,334,0.32969312014448665,0.8502994011976048,0.7183987131699615,2.3454887501741646,0.4629505051899084,0.0,1.04905135962043,1.1005249967036683,0.0,2.2268519992148343
binned,0,3,all,2004,334,0.32969312014448665,0.8502994011976048,0.7183987131699615,2.3454887501741646,0.4629505051899084,0.0,1.04905135962043,1.1005249967036683,0.0,2.2268519992148343
binned,0,3,zero_pv,2004,334,0.32969312014448665,0.8502994011976048,0.7183987131699615,2.3454887501741646,0.4629505051899084,0.0,1.04905135962043,1.1005249967036683,0.0,2.2268519992148343
binned,0,4,all,2004,334,0.32998119133618337,0.8173652694610778,0.719523918724439,2.3485317113191715,0.4632468630753291,0.0008103293413173656,1.0489160801793123,1.1002562133783322,0.0036067115581195353,2.22575242498185
binned,0,4,daylight,193,137,0.7525925588195889,0.41968911917098445,1.7058853032163657,5.308307250347744,1.0633724817378836,0.008413989637305703,2.373782726599374,1.9310814221825632,0.011622019925566251,3.7800321139963997
binned,0,4,zero_pv,1811,334,0.2849430941941086,0.8597459966869133,0.6144064437344107,2.033105604730261,0.39929090261046224,0.0,0.9077237760605531,0.9706510880752299,0.0,1.9897661351923828
binned,0,5,all,2004,334,0.43140399138808583,0.7974051896207585,1.0198975302284237,3.2068666867179036,0.5886566139545976,0.2167715568862276,1.1439086145553232,1.4039136900264604,0.8047901572739462,2.394890432285227
binned,0,5,daylight,490,266,0.7057527082398758,0.6,1.6491735161073964,5.376971844107987,0.880913716910236,0.5885191666666668,1.5265402257920841,1.7477432927086551,1.2372433153206754,2.5901582953161078
binned,0,5,zero_pv,1514,334,0.34261213454701805,0.8612945838837517,0.8162348927907106,2.5045208960170156,0.4940687801050177,0.09645694077498898,1.0200714352250648,1.2728944201786012,0.601565188144512,2.328187445722515
binned,0,6,all,2004,334,18.551387565152215,0.689620758483034,63.3247254876218,139.79456749223675,25.918514948600283,45.67505609614108,43.50422477252855,45.567526168029694,80.49381642022264,76.68854873403595
binned,0,6,daylight,1184,334,26.796915419947624,0.6368243243243243,96.93205751245888,203.842377885204,37.42236077085035,59.80641067004512,57.37364250634962,54.639939806736145,90.80097260807294,86.93336466824974
binned,0,6,zero_pv,820,258,6.6456497845695335,0.7658536585365854,14.799016807857011,47.31577785165967,9.308083907692833,25.2707587601626,23.47813867881614,27.635370181700267,62.689353122684494,58.82817305739594
binned,0,7,all,2004,334,64.39542369011815,0.7599800399201597,283.2648768571773,478.53471682955325,91.3112808264578,115.9576326430472,152.639733899481,123.664820174865,150.52842958664354,188.38880012594856
binned,0,7,daylight,1715,334,72.23566715403743,0.7504373177842566,320.5110880934542,536.7536398860367,101.77884203782548,122.30061999028187,143.48496564504472,132.14963851751588,155.51063439532427,179.6516380701479
binned,0,7,zero_pv,289,125,17.8694114388324,0.8166089965397924,62.23632228895681,133.0487201448842,29.194092323013418,78.31672156862749,206.96647284881686,49.116721084157994,116.6642848940743,233.60801696596613
binned,0,8,all,2004,334,118.69077966353147,0.8383233532934131,625.437736276572,897.9740241804647,165.34238662973263,201.85281169328007,158.60718804641527,218.33537712134745,257.37408059552297,211.71125107636544
binned,0,8,daylight,2004,334,118.69077966353147,0.8383233532934131,625.437736276572,897.9740241804647,165.34238662973263,201.85281169328007,158.60718804641527,218.33537712134745,257.37408059552297,211.71125107636544
binned,0,9,all,2004,334,209.56961489607494,0.8328343313373253,1103.1357713166674,1567.5183727992269,293.97575876532846,314.56781916999324,280.36457180363067,368.23924787128277,397.0821787847505,355.187128127611
binned,0,9,daylight,2004,334,209.56961489607494,0.8328343313373253,1103.1357713166674,1567.5183727992269,293.97575876532846,314.56781916999324,280.36457180363067,368.23924787128277,397.0821787847505,355.187128127611
binned,0,10,all,2004,334,301.8720419105487,0.8458083832335329,1584.8704930555677,2281.6295243724585,417.9275564580085,425.17593789088477,399.5289101709954,522.8632925130972,539.4269296543278,504.8476415807603
binned,0,10,daylight,2004,334,301.8720419105487,0.8458083832335329,1584.8704930555677,2281.6295243724585,417.9275564580085,425.17593789088477,399.5289101709954,522.8632925130972,539.4269296543278,504.8476415807603
binned,0,11,all,2004,334,375.50097612900856,0.8343313373253493,2001.067850954238,2922.366461020006,519.8803429150167,509.6048268712569,497.5360046248741,651.3665449757617,647.9491001642849,627.5619117884147
binned,0,11,daylight,2004,334,375.50097612900856,0.8343313373253493,2001.067850954238,2922.366461020006,519.8803429150167,509.6048268712569,497.5360046248741,651.3665449757617,647.9491001642849,627.5619117884147
binned,0,12,all,2004,334,432.43061753051313,0.8363273453093812,2282.3713340233717,3364.694623908137,594.6714951883134,576.7365724966729,576.8586423809421,743.4998193271596,729.4101160053109,722.4049470401993
binned,0,12,daylight,2004,334,432.43061753051313,0.8363273453093812,2282.3713340233717,3364.694623908137,594.6714951883134,576.7365724966729,576.8586423809421,743.4998193271596,729.4101160053109,722.4049470401993
binned,0,13,all,2004,334,460.73712625359155,0.8473053892215568,2438.709390734146,3587.5780412391105,637.1973409213787,616.2301666500337,619.8471436802563,795.5852372995195,781.0203380276756,780.6995657483251
binned,0,13,daylight,2004,334,460.73712625359155,0.8473053892215568,2438.709390734146,3587.5780412391105,637.1973409213787,616.2301666500337,619.8471436802563,795.5852372995195,781.0203380276756,780.6995657483251
binned,0,14,all,2004,334,442.398345200947,0.8502994011976048,2346.5207943555783,3381.5976104958195,617.0680253809352,587.716743745842,588.7531571683945,771.8875731964121,739.2940498631875,742.1396895352742
binned,0,14,daylight,2004,334,442.398345200947,0.8502994011976048,2346.5207943555783,3381.5976104958195,617.0680253809352,587.716743745842,588.7531571683945,771.8875731964121,739.2940498631875,742.1396895352742
binned,0,15,all,2004,334,411.54725406106655,0.8483033932135728,2163.9405816570143,3039.4857466572544,573.8028722190668,550.5659089654025,552.7924923465631,718.935669793743,684.0182579049906,689.5896158786766
binned,0,15,daylight,2004,334,411.54725406106655,0.8483033932135728,2163.9405816570143,3039.4857466572544,573.8028722190668,550.5659089654025,552.7924923465631,718.935669793743,684.0182579049906,689.5896158786766
binned,0,16,all,2004,334,321.48646385750357,0.8522954091816367,1700.5029665911059,2471.422724252347,446.3089679555119,429.4696538838987,430.0234475398443,568.7893872303282,538.0911125318991,542.6929361399478
binned,0,16,daylight,2004,334,321.48646385750357,0.8522954091816367,1700.5029665911059,2471.422724252347,446.3089679555119,429.4696538838987,430.0234475398443,568.7893872303282,538.0911125318991,542.6929361399478
binned,0,17,all,2004,334,198.58139709065804,0.8592814371257484,1072.1639524990037,1570.731205865074,275.99830201580687,290.82447180638707,286.3995530044092,369.79311213938155,361.3861819742332,367.6128114892955
binned,0,17,daylight,1984,334,200.5058175360694,0.858366935483871,1082.2889471342082,1585.8816520046744,278.59917475604453,292.44828040154556,288.80749988886504,371.6457976751209,362.96659614749177,369.4229935476452
binned,0,17,zero_pv,20,20,7.678888905851681,0.95,67.76448468670914,67.806948816726,17.991726184228902,129.74265916666758,47.531222066389184,21.9215400013088,130.52989979777584,52.81680887423375
binned,0,18,all,2004,334,96.3110377312484,0.8088822355289421,481.2785977784284,777.3463655643815,133.58219575815934,199.8845224966732,207.09843633597666,197.93735627485617,251.9167104651863,268.8082651323021
binned,0,18,daylight,1582,334,116.02443364387028,0.7920353982300885,591.723377099428,938.4636015449546,160.05864981537974,223.86426638748407,232.41328907828492,219.96315691530506,270.66930606,287.3556546033576
binned,0,18,zero_pv,422,152,22.409160163078838,0.8720379146919431,67.24153406795251,173.34762783626127,34.32686324981082,109.98889492496066,112.1977324536745,68.35845016466793,163.4754548355582,183.26864794351425
binned,0,19,all,2004,334,24.081441493789445,0.7380239520958084,98.4897140592409,181.23996200652263,33.346981045008,94.76548420658682,82.76345178626315,65.29759455211307,153.6810603224004,137.92093732683782
binned,0,19,daylight,1024,334,39.00612228897307,0.7041015625,174.24767795524022,296.15230390402434,53.86380253890278,141.74535858561188,125.67552757071323,84.06456249105386,192.7446220685015,173.5235018356945
binned,0,19,zero_pv,980,314,8.486672989434316,0.773469387755102,19.330372192400695,61.16829047280723,11.908996137101568,45.676309345238174,37.92471137475612,36.53558133177401,97.3532752425381,86.23297359404286
binned,0,20,all,2004,334,0.2072658170241817,0.8188622754491018,0.5181233800010598,1.4796402897255918,0.2934186247710222,0.24375773453093805,0.41254500686127765,0.6095628885593275,0.8831251088084835,0.888248002336547
binned,0,20,daylight,473,268,0.35843706544817333,0.6004228329809725,0.826481518358433,2.737735960616624,0.46126807516542406,0.6261126849894291,0.8335126255515448,0.8720754959035111,1.2788554347259573,1.5009090401610417
binned,0,20,zero_pv,1531,334,0.1605617017370829,0.8863487916394513,0.42285662660913464,1.0909536454855788,0.241561805674646,0.12562978445460485,0.28248773472509414,0.501399859925392,0.7180429472327452,0.580313124395033
binned,0,21,all,2004,334,0.11012242175098201,0.8542914171656687,0.20919055136847195,0.7771083675729323,0.15042058885914986,0.0008088822355289424,0.2519842783183632,0.35030290343332,0.0035939903265125614,0.5502536365343088
binned,0,21,daylight,199,140,0.0036201396386898108,0.48743718592964824,0.0077537597041363,0.02766791392079707,0.004542181915478813,0.008145728643216084,0.008145728643216084,0.0066348746782060155,0.011405103327438456,0.011405103327438456
binned,0,21,zero_pv,1805,334,0.12186422459881921,0.8947368421052632,0.2313988181503018,0.8597336585849961,0.1665035822008621,0.0,0.2788673095567866,0.3691018795865883,0.0,0.579780911957835
binned,0,22,all,2004,334,0.10963440928554927,0.907185628742515,0.2076141366627921,0.7734937748907408,0.14969231306938355,0.0,0.25117539608283423,0.35029345375840126,0.0,0.5502418993068086
binned,0,22,zero_pv,2004,334,0.10963440928554927,0.907185628742515,0.2076141366627921,0.7734937748907408,0.14969231306938355,0.0,0.25117539608283423,0.35029345375840126,0.0,0.5502418993068086
binned,0,23,all,2004,334,0.10963440928554927,0.907185628742515,0.2076141366627921,0.7734937748907408,0.14969231306938355,0.0,0.25117539608283423,0.35029345375840126,0.0,0.5502418993068086
binned,0,23,zero_pv,2004,334,0.10963440928554927,0.907185628742515,0.2076141366627921,0.7734937748907408,0.14969231306938355,0.0,0.25117539608283423,0.35029345375840126,0.0,0.5502418993068086
binned,0,24,all,2004,334,0.10963440928554927,0.907185628742515,0.2076141366627921,0.7734937748907408,0.14969231306938355,0.0,0.25117539608283423,0.35029345375840126,0.0,0.5502418993068086
binned,0,24,zero_pv,2004,334,0.10963440928554927,0.907185628742515,0.2076141366627921,0.7734937748907408,0.14969231306938355,0.0,0.25117539608283423,0.35029345375840126,0.0,0.5502418993068086
binned,6,0,all,36072,334,114.8725978894755,0.839764914615214,611.071152605188,900.1782925757187,158.14026827387997,180.0343300597878,165.96209945463212,276.0149346202656,286.8707659830625,277.0522816997486
binned,6,0,daylight,25013,334,164.87008456085172,0.8175348818614321,879.1913134180625,1292.1425523930036,226.89215353346324,254.91155091552406,234.45931722261452,331.28523610158476,343.0346211057247,331.2155344676625
binned,6,0,zero_pv,11059,334,1.7893956007391763,0.8900443078035989,4.642941879770979,13.642255790315824,2.638784776461332,10.678698875727155,11.036617220203702,16.314828351721392,47.7268902119705,47.349471099233305
binned,6,1,all,2004,334,38.98215753788621,0.7110778443113772,156.61304370459794,296.2933166221401,55.33610543914739,106.80832378576171,105.82266570502425,77.71138750883901,129.20409517738287,142.70560383391827
binned,6,1,daylight,1715,334,43.07739129883391,0.6944606413994169,174.5432839801899,328.56992215740064,60.640655277660954,111.25897723517977,92.62247756415022,82.1179820008648,130.63711312315192,130.74917620355671
binned,6,1,zero_pv,289,125,14.679991793854263,0.8096885813148789,50.21040677504644,104.75567477794739,23.85754843897173,80.39700660322954,184.15596211194142,43.12243156799623,120.34963958757847,199.41712685880498
binned,6,2,all,2004,334,57.17773068402381,0.8198602794411177,289.775944106827,444.618473006908,78.71027694288522,151.51252282102456,87.77481020323917,105.72607271551034,175.9049491360842,112.6065688623722
binned,6,2,daylight,2004,334,57.17773068402381,0.8198602794411177,289.775944106827,444.618473006908,78.71027694288522,151.51252282102456,87.77481020323917,105.72607271551034,175.9049491360842,112.6065688623722
binned,6,3,all,2004,334,91.85030218752125,0.8423153692614771,486.57313951468535,717.4008802213056,126.30911334569714,192.99341258316701,133.64653028641857,167.43619933310674,232.52415746393785,173.12707535446472
binned,6,3,daylight,2004,334,91.85030218752125,0.8423153692614771,486.57313951468535,717.4008802213056,126.30911334569714,192.99341258316701,133.64653028641857,167.43619933310674,232.52415746393785,173.12707535446472
binned,6,4,all,2004,334,146.7835002034015,0.8358283433133733,776.8239749815956,1154.923804404119,202.45393304050376,237.7930955089822,200.63863544867988,258.1848485851537,301.39509173093927,257.2268019825318
binned,6,4,daylight,2004,334,146.7835002034015,0.8358283433133733,776.8239749815956,1154.923804404119,202.45393304050376,237.7930955089822,200.63863544867988,258.1848485851537,301.39509173093927,257.2268019825318
binned,6,5,all,2004,334,198.85711807840391,0.8458083832335329,1062.8630316912424,1524.8479012142716,277.38034400518404,287.21636767298776,269.5933799058308,345.72084430891044,358.0374873899234,336.2780722151198
binned,6,5,daylight,2004,334,198.85711807840391,0.8458083832335329,1062.8630316912424,1524.8479012142716,277.38034400518404,287.21636767298776,269.5933799058308,345.72084430891044,358.0374873899234,336.2780722151198
binned,6,6,all,2004,334,252.8736797463962,0.8592814371257484,1383.5456244584138,1997.681338857379,345.1633160602754,340.96357699600804,338.16647696977856,444.61899937170756,442.07916627802166,436.4967933917471
binned,6,6,daylight,2004,334,252.8736797463962,0.8592814371257484,1383.5456244584138,1997.681338857379,345.1633160602754,340.96357699600804,338.16647696977856,444.61899937170756,442.07916627802166,436.4967933917471
binned,6,7,all,2004,334,297.339140116841,0.8368263473053892,1592.685956668323,2361.9062010712123,408.474315160863,396.7008294328011,408.0779111139259,514.8871776669295,500.05076891774377,515.4100128171312
binned,6,7,daylight,2004,334,297.339140116841,0.8368263473053892,1592.685956668323,2361.9062010712123,408.474315160863,396.7008294328011,408.0779111139259,514.8871776669295,500.05076891774377,515.4100128171312
binned,6,8,all,2004,334,287.2188123519209,0.844311377245509,1561.5135653410823,2309.2287514261066,394.6701688799061,382.7476240768465,386.01444038749946,498.48004372012974,482.876523527965,488.89233763340695
binned,6,8,daylight,2004,334,287.2188123519209,0.844311377245509,1561.5135653410823,2309.2287514261066,394.6701688799061,382.7476240768465,386.01444038749946,498.48004372012974,482.876523527965,488.89233763340695
binned,6,9,all,2004,334,268.21801574943896,0.8547904191616766,1450.419175875474,2106.936892747959,368.3204938844319,361.72139524284745,360.08222987718,465.07530845441255,451.2651832074555,451.1082315657915
binned,6,9,daylight,2004,334,268.21801574943896,0.8547904191616766,1450.419175875474,2106.936892747959,368.3204938844319,361.72139524284745,360.08222987718,465.07530845441255,451.2651832074555,451.1082315657915
binned,6,10,all,2004,334,210.00782181546168,0.8562874251497006,1122.3915094596457,1583.258495420635,290.46960634585326,295.3649556470392,288.5958472141553,366.63713953213585,366.6194413858555,359.4997674531931
binned,6,10,daylight,2004,334,210.00782181546168,0.8562874251497006,1122.3915094596457,1583.258495420635,290.46960634585326,295.3649556470392,288.5958472141553,366.63713953213585,366.6194413858555,359.4997674531931
binned,6,11,all,2004,334,130.5001955352813,0.840818363273453,697.9860304162422,1010.3754311458574,179.8014343219429,214.29423977877585,190.98503200552628,237.81716305812895,267.7967283316946,245.36579657988935
binned,6,11,daylight,1984,334,131.66326527865309,0.8417338709677419,704.5296630356281,1019.4361210475959,181.37493911424662,215.13511617103492,191.8885029611378,238.99522461640296,268.81914290284317,246.37915923152093
binned,6,11,zero_pv,20,20,15.123676992805233,0.75,48.857674573166946,111.55499289338131,23.70975892542193,130.8793016666662,101.36071320886089,28.895329687286775,131.48997767080792,103.78549838204823
binned,6,12,all,2004,334,67.88055483271042,0.8133732534930139,339.6366535301041,535.7396769167049,91.51007951175816,178.28255054890212,135.37807700534103,136.05766059218664,223.5688954732212,183.46203343570744
binned,6,12,daylight,1582,334,82.04351120261782,0.7895069532237674,420.0487709694519,648.755596417095,110.0955885033678,195.98857569532245,154.35585511322031,150.76146607229083,236.7802689783191,197.29535043597627
binned,6,12,zero_pv,422,152,14.78624919955062,0.9028436018957346,38.186488153212586,112.06388390813429,21.83644153847264,111.9059349526066,64.23389461987934,51.977749290131484,164.8737067320908,117.9525007338839
binned,6,13,all,2004,334,19.3791119316265,0.7350299401197605,77.09868288870531,155.48515571278497,27.03837328655751,93.9698541417166,81.12517065128822,53.08060985735038,148.8957764807602,132.59209371808078
binned,6,13,daylight,1024,334,30.220211836313645,0.6962890625,133.8619882382993,242.45098779635003,42.137758336291014,140.13445051269542,122.38178367620658,65.53804394145952,185.51467121980176,165.41837144498632
binned,6,13,zero_pv,980,314,8.051268765912623,0.7755102040816326,17.786820972394747,64.61473524995806,11.261056663162492,45.73256160714284,38.01621989872032,35.68644116935255,96.82149808257034,85.7838644511338
binned,6,14,all,2004,334,0.20240405289491895,0.8273453093812375,0.5193484801407574,1.468723429182708,0.2889610393068486,0.24838395708582828,0.412250594073949,0.5949380150076818,0.8993454266010403,0.8877409942463524
binned,6,14,daylight,473,268,0.3492698657456919,0.6257928118393234,0.8458858383446487,2.7224389994247638,0.45395517036170246,0.6269903805496828,0.8332952626881014,0.8547962000750843,1.2783924983794255,1.5006632972945824
binned,6,14,zero_pv,1531,334,0.15703009503834434,0.8896146309601568,0.4184652858687521,1.0813900100288911,0.23798636655116903,0.13141410842586546,0.2821695174870812,0.4874039008042278,0.7441747434883079,0.5794933794148465
binned,6,15,all,2004,334,0.10940425608604813,0.8622754491017964,0.20995207990946335,0.7637620782368337,0.1501067394088946,0.0008088822355289424,0.2516898655310347,0.3496661214058125,0.0035939903265125614,0.5494364191682279
binned,6,15,daylight,199,140,0.003507991248416749,0.5477386934673367,0.007997603322964788,0.027215942295642892,0.004449158437449872,0.008145728643216084,0.008145728643216084,0.006491682172345266,0.011405103327438456,0.011405103327438456
binned,6,15,zero_pv,1805,334,0.12107924594903352,0.8969529085872576,0.232217421095454,0.8449657796508487,0.16616538684009546,0.0,0.27854043796354205,0.3684311820098166,0.0,0.5789198049570833
binned,6,16,all,2004,334,0.10893764355424392,0.9101796407185628,0.2083712321341616,0.760154029373337,0.1494003087065337,0.0,0.2508809832955057,0.3496573093326279,0.0,0.5494246644827092
binned,6,16,zero_pv,2004,334,0.10893764355424392,0.9101796407185628,0.2083712321341616,0.760154029373337,0.1494003087065337,0.0,0.2508809832955057,0.3496573093326279,0.0,0.5494246644827092
binned,6,17,all,2004,334,0.10893764355424392,0.9101796407185628,0.2083712321341616,0.760154029373337,0.1494003087065337,0.0,0.2508809832955057,0.3496573093326279,0.0,0.5494246644827092
binned,6,17,zero_pv,2004,334,0.10893764355424392,0.9101796407185628,0.2083712321341616,0.760154029373337,0.1494003087065337,0.0,0.2508809832955057,0.3496573093326279,0.0,0.5494246644827092
binned,6,18,all,2004,334,0.10893764355424392,0.9101796407185628,0.2083712321341616,0.760154029373337,0.1494003087065337,0.0,0.2508809832955057,0.3496573093326279,0.0,0.5494246644827092
binned,6,18,zero_pv,2004,334,0.10893764355424392,0.9101796407185628,0.2083712321341616,0.760154029373337,0.1494003087065337,0.0,0.2508809832955057,0.3496573093326279,0.0,0.5494246644827092
binned,12,0,all,24048,334,52.767167297267086,0.8463489687292083,276.218761428377,421.59090894614667,72.72160041355296,98.60043487954637,84.1278480549967,139.6500749345778,166.15767162099814,150.81491039695726
binned,12,0,daylight,13278,334,94.52225973091367,0.8073505045940653,497.9583323918656,755.6667581657516,130.23478246781394,171.409079277125,147.56426742727655,187.54728122422236,220.06633709170097,200.77492167504198
binned,12,0,zero_pv,10770,334,1.2886048707154052,0.8944289693593315,2.84290040208166,9.719123807993098,1.8153765215867603,8.83690838826989,5.919048015522963,13.446834572211241,44.03436766987302,33.003927414931404
binned,12,1,all,2004,334,129.63991389224788,0.8413173652694611,691.7218211883409,1054.3434758728663,178.93561558408615,178.19357015136399,202.49790877412158,240.12399602735297,237.74411917188823,265.7977623463415
binned,12,1,daylight,2004,334,129.63991389224788,0.8413173652694611,691.7218211883409,1054.3434758728663,178.93561558408615,178.19357015136399,202.49790877412158,240.12399602735297,237.74411917188823,265.7977623463415
binned,12,2,all,2004,334,134.19366279371792,0.8403193612774451,716.9196171533137,1065.8453540462003,184.08622595582457,182.108216126081,179.2062822835054,240.64688897747234,234.96230292022847,233.85522389298683
binned,12,2,daylight,2004,334,134.19366279371792,0.8403193612774451,716.9196171533137,1065.8453540462003,184.08622595582457,182.108216126081,179.2062822835054,240.64688897747234,234.96230292022847,233.85522389298683
binned,12,3,all,2004,334,125.37472835784705,0.8458083832335329,680.5076853111482,1003.8403653481912,172.82148443665258,185.0860449101794,167.32238432105495,225.66488655472816,236.5212260189414,219.53492174721794
binned,12,3,daylight,2004,334,125.37472835784705,0.8458083832335329,680.5076853111482,1003.8403653481912,172.82148443665258,185.0860449101794,167.32238432105495,225.66488655472816,236.5212260189414,219.53492174721794
binned,12,4,all,2004,334,109.44508869186821,0.8468063872255489,573.1912279083577,858.8285793502786,151.03783029106495,185.6604969893548,149.1380055657044,197.6885943894624,229.88954531463173,194.82901774346365
binned,12,4,daylight,2004,334,109.44508869186821,0.8468063872255489,573.1912279083577,858.8285793502786,151.03783029106495,185.6604969893548,149.1380055657044,197.6885943894624,229.88954531463173,194.82901774346365
binned,12,5,all,2004,334,74.30373716648948,0.8403193612774451,392.41259998227184,604.3144700931592,102.53368124483812,181.7124108782435,121.74778594352358,137.88744306937525,210.6972650988234,154.35727165849758
binned,12,5,daylight,1984,334,74.96370316909776,0.8417338709677419,396.03075267888573,609.8220594532837,103.420473616817,182.22536923723115,122.33185454061466,138.5714635605021,211.3468466937168,154.99846881444796
binned,12,5,zero_pv,20,20,8.835109707751231,0.7,33.491852478157455,57.96160556880079,14.563877944537108,130.8269416666669,63.80818111208741,15.933426905275773,131.13905011311445,64.4131324639076
binned,12,6,all,2004,334,43.41438310197288,0.7854291417165669,198.97809030453618,340.6607977803521,59.90633467079475,174.9307008067199,106.18693652624778,86.51737633795793,210.67263330342672,142.7488623781919
binned,12,6,daylight,1582,334,51.91705781185176,0.7597977243994943,244.80437605261855,408.40482567379786,71.47416021272744,191.60740694795618,120.13954127189767,94.70026768290924,221.27804127108024,151.38749836903742
binned,12,6,zero_pv,422,152,11.5394271990619,0.8815165876777251,27.183815296322624,86.70095861582152,16.540694842980503,112.41281190758303,53.88120025227093,43.888464199283845,164.95328715138925,104.17165991019928
binned,12,7,all,2004,334,16.201889075537803,0.7305389221556886,59.50906234422222,127.31749911870746,22.457375792548,95.26673924650703,82.0206544779955,44.16785293904835,148.33181783076975,131.32252689042897
binned,12,7,daylight,1024,334,24.158079766418304,0.6875,100.73094190105714,190.35147781257416,33.469266697657204,142.57159215494798,124.09552778370191,52.11600018126273,184.9740689814124,163.85913285107455
binned,12,7,zero_pv,980,314,7.888481659760621,0.7755102040816326,16.436404521570168,61.45342342225918,10.951073459046158,45.83799498299324,38.0567052279513,33.928771866069106,96.12964104903482,84.91282188038033
binned,12,8,all,2004,334,0.202664702339397,0.8233532934131736,0.5290331337616394,1.3250299460488535,0.2895622119344148,0.24623056387225548,0.4117776657370744,0.5995479304071815,0.8913631419658515,0.8872344231591862
binned,12,8,daylight,473,268,0.3505524273303761,0.5919661733615222,0.8563467248196559,2.5110166812952595,0.4563227536452981,0.625630549682875,0.8328277708151334,0.8583814309162737,1.2772528172964637,1.5004241003590502
binned,12,8,zero_pv,1531,334,0.15697502636243216,0.8948399738732854,0.427910123591527,0.9586212420831127,0.23804180943327302,0.12901554539516655,0.28169490956338245,0.49282111979194776,0.7321105526126671,0.5786686557224259
binned,12,9,all,2004,334,0.10784269440428457,0.8627744510978044,0.21519919588368294,0.6564521440536056,0.1483131839135609,0.0008088822355289424,0.25121693719416005,0.3460838895175808,0.0035939903265125614,0.5486131432543374
binned,12,9,daylight,199,140,0.003548422054254896,0.5125628140703518,0.008041371605116697,0.02618215940345934,0.00449032226584408,0.008145728643216084,0.008145728643216084,0.006528989698029124,0.011405103327438456,0.011405103327438456
binned,12,9,zero_pv,1805,334,0.11934106570492485,0.9013850415512465,0.23803820254929778,0.7259389733862256,0.164169554809902,0.0,0.27801536960503975,0.36465650401620203,0.0,0.5780523139715598
binned,12,10,all,2004,334,0.10736569692649277,0.9131736526946108,0.21360020622909504,0.652961217968678,0.14759386365959004,0.0,0.2504080549586311,0.34607467377444995,0.0,0.5486013709287801
binned,12,10,zero_pv,2004,334,0.10736569692649277,0.9131736526946108,0.21360020622909504,0.652961217968678,0.14759386365959004,0.0,0.2504080549586311,0.34607467377444995,0.0,0.5486013709287801
binned,12,11,all,2004,334,0.10736569692649277,0.9131736526946108,0.21360020622909504,0.652961217968678,0.14759386365959004,0.0,0.2504080549586311,0.34607467377444995,0.0,0.5486013709287801
binned,12,11,zero_pv,2004,334,0.10736569692649277,0.9131736526946108,0.21360020622909504,0.652961217968678,0.14759386365959004,0.0,0.2504080549586311,0.34607467377444995,0.0,0.5486013709287801
binned,12,12,all,2004,334,0.10736569692649277,0.9131736526946108,0.21360020622909504,0.652961217968678,0.14759386365959004,0.0,0.2504080549586311,0.34607467377444995,0.0,0.5486013709287801
binned,12,12,zero_pv,2004,334,0.10736569692649277,0.9131736526946108,0.21360020622909504,0.652961217968678,0.14759386365959004,0.0,0.2504080549586311,0.34607467377444995,0.0,0.5486013709287801
binned,18,0,all,12024,334,2.5783351015004374,0.8621922821024618,8.57367123753534,18.375743102552548,3.6212424957617353,15.873996141051236,13.86652306066449,16.918503113091976,60.07259407948706,53.096892046604694
binned,18,0,daylight,1696,334,13.065098163553305,0.6450471698113207,50.019907798816845,95.39216437460243,18.488222099650773,85.9820542305425,74.93377535430783,36.80269231190768,142.33919703921148,125.85893720533146
binned,18,0,zero_pv,10328,334,0.8562640177241293,0.89785050348567,1.7676277433512404,5.72858484563963,1.1798794624352666,4.361286369577847,3.838438253342744,10.527211554769632,29.56810492323171,26.096372626537203
binned,18,1,all,2004,334,14.832645769849085,0.7250499001996008,50.087959073499626,105.83080771243029,20.844663871944558,94.99512435129742,81.78370424462491,41.43154302929559,147.1444624825955,130.0526266898954
binned,18,1,daylight,1024,334,21.47481269451224,0.677734375,82.45792587152354,156.7257821972794,30.409481772644845,142.11634626464857,123.72267989303883,47.3597421901965,183.1819023773033,161.97142249588464
binned,18,1,zero_pv,980,314,7.8922591057112585,0.7744897959183673,16.264646827401098,52.65075274050643,10.850405167539403,45.75825573979593,37.961754179343394,34.15504776328885,95.98388293049983,84.70025573082495
binned,18,2,all,2004,334,0.20368566679945396,0.8318363273453094,0.519832304793092,1.449766181574666,0.2897076830495766,0.24804361277445103,0.4120207360480652,0.5987399812060822,0.8980559137625805,0.8875628213917187
binned,18,2,daylight,473,268,0.35409149222183883,0.6215644820295984,0.8356787028143249,2.732292413526426,0.45627859162884976,0.6274934460887949,0.8330608677257245,0.8617408663705679,1.2793086555955568,1.500603207043145
binned,18,2,zero_pv,1531,334,0.1572180277238249,0.8967994774657086,0.42225206556118977,1.0535317545902223,0.23824586740098297,0.13081319399085564,0.28194106114046674,0.48971429287960344,0.741645642779419,0.5791841330259311
binned,18,3,all,2004,334,0.10877776027485922,0.8677644710578842,0.20974522647997298,0.7461891938953871,0.1488094512016052,0.0008088822355289424,0.25146000750515096,0.3475834968739003,0.0035939903265125614,0.5491429913638688
binned,18,3,daylight,199,140,0.0035829667586397143,0.5326633165829145,0.007897024733833436,0.027816571425532774,0.004500361703221834,0.008145728643216084,0.008145728643216084,0.00655876665169509,0.011405103327438456,0.011405103327438456
binned,18,3,zero_pv,1805,334,0.12037541341044242,0.9047091412742382,0.2319988509384118,0.8253892780347228,0.1647194283817593,0.0,0.2782852382494861,0.36623658496475425,0.0,0.5786106182486829
binned,18,4,all,2004,334,0.10830047069307368,0.9161676646706587,0.20816360681312626,0.7425651758049627,0.1480913227915544,0.0,0.25065112526962197,0.34757439752860014,0.0,0.5491312303972439
binned,18,4,zero_pv,2004,334,0.10830047069307368,0.9161676646706587,0.20816360681312626,0.7425651758049627,0.1480913227915544,0.0,0.25065112526962197,0.34757439752860014,0.0,0.5491312303972439
binned,18,5,all,2004,334,0.10830047069307368,0.9161676646706587,0.20816360681312626,0.7425651758049627,0.1480913227915544,0.0,0.25065112526962197,0.34757439752860014,0.0,0.5491312303972439
binned,18,5,zero_pv,2004,334,0.10830047069307368,0.9161676646706587,0.20816360681312626,0.7425651758049627,0.1480913227915544,0.0,0.25065112526962197,0.34757439752860014,0.0,0.5491312303972439
binned,18,6,all,2004,334,0.10830047069307368,0.9161676646706587,0.20816360681312626,0.7425651758049627,0.1480913227915544,0.0,0.25065112526962197,0.34757439752860014,0.0,0.5491312303972439
binned,18,6,zero_pv,2004,334,0.10830047069307368,0.9161676646706587,0.20816360681312626,0.7425651758049627,0.1480913227915544,0.0,0.25065112526962197,0.34757439752860014,0.0,0.5491312303972439
exponential,0,0,all,48096,334,144.68388424228232,0.8334996673320026,752.601035943819,1104.2616819532982,201.12731245010272,206.64540654662886,203.47812465865002,392.31505353920903,388.7782724662935,384.04016884442007
exponential,0,0,daylight,26880,334,257.6430020147106,0.8064732142857143,1343.315026550492,1966.7787101409158,358.04415911442464,364.63357862878206,357.5153694622834,524.610142696738,519.0413190016599,512.2514300000676
exponential,0,0,zero_pv,21216,334,1.5682599152238403,0.8677413273001509,4.185120243056325,11.479926783466329,2.3186379432692843,6.4793966687877145,8.317814500200573,14.895899446074557,36.369874872073645,43.5154720453269
exponential,0,1,all,2004,334,0.329680707046855,0.8532934131736527,0.7178536012405599,2.3485679627256726,0.4627905219685131,0.0,1.04905135962043,1.1003058789462052,0.0,2.2268519992148343
exponential,0,1,zero_pv,2004,334,0.329680707046855,0.8532934131736527,0.7178536012405599,2.3485679627256726,0.4627905219685131,0.0,1.04905135962043,1.1003058789462052,0.0,2.2268519992148343
exponential,0,2,all,2004,334,0.329685786347548,0.8512974051896207,0.7180749690369572,2.347279605646976,0.4628542634695122,0.0,1.04905135962043,1.1003930342535038,0.0,2.2268519992148343
exponential,0,2,zero_pv,2004,334,0.329685786347548,0.8512974051896207,0.7180749690369572,2.347279605646976,0.4628542634695122,0.0,1.04905135962043,1.1003930342535038,0.0,2.2268519992148343
exponential,0,3,all,2004,334,0.32969075095723477,0.8502994011976048,0.7182909516486392,2.34608475294957,0.4629184915170284,0.0,1.04905135962043,1.1004809924990473,0.0,2.2268519992148343
exponential,0,3,zero_pv,2004,334,0.32969075095723477,0.8502994011976048,0.7182909516486392,2.34608475294957,0.4629184915170284,0.0,1.04905135962043,1.1004809924990473,0.0,2.2268519992148343
exponential,0,4,all,2004,334,0.3299845460423104,0.8173652694610778,0.7196314182765824,2.347934600334778,0.4632795069415134,0.0008103293413173656,1.0489160801793123,1.1003023502707174,0.0036067115581195353,2.22575242498185
exponential,0,4,daylight,193,137,0.7526281976392771,0.41968911917098445,1.7061447919029689,5.3068206979208785,1.0634731875856016,0.008413989637305703,2.373782726599374,1.9311492005306317,0.011622019925566251,3.7800321139963997
exponential,0,4,zero_pv,1811,334,0.2849430083514134,0.8597459966869133,0.6144977456593023,2.032603282370053,0.39931629304625715,0.0,0.9077237760605531,0.9706945883544369,0.0,1.9897661351923828
exponential,0,5,all,2004,334,0.43137285935034525,0.7959081836327345,1.01998157578699,3.2066994651768064,0.588655659026132,0.2167715568862276,1.1439086145553232,1.4038879339181385,0.8047901572739462,2.394890432285227
exponential,0,5,daylight,490,266,0.7055788152347962,0.6,1.6495541884369096,5.3753968403922805,0.8807422201009812,0.5885191666666668,1.5265402257920841,1.7473568127256316,1.2372433153206754,2.5901582953161078
exponential,0,5,zero_pv,1514,334,0.3426272065211633,0.8593130779392338,0.8162229362899878,2.5048092975046927,0.4941230203691456,0.09645694077498898,1.0200714352250648,1.2730285377620676,0.601565188144512,2.328187445722515
exponential,0,6,all,2004,334,18.522882295627596,0.68812375249501,63.27936149067119,139.69695399479434,25.878708446188778,45.67505609614108,43.50422477252855,45.503105941747634,80.49381642022264,76.68854873403595
exponential,0,6,daylight,1184,334,26.75687300817193,0.6359797297297297,96.88502921598084,203.73609149616166,37.36793478276013,59.80641067004512,57.37364250634962,54.557789989392205,90.80097260807294,86.93336466824974
exponential,0,6,zero_pv,820,258,6.633803022880618,0.7634146341463415,14.756055897053283,47.230687163551636,9.289386516310138,25.2707587601626,23.47813867881614,27.61029615828825,62.689353122684494,58.82817305739594
exponential,0,7,all,2004,334,65.04481634044527,0.7624750499001997,283.93008551349345,483.35391699634675,92.12199727482808,115.9576326430472,152.639733899481,124.37265874515367,150.52842958664354,188.38880012594856
exponential,0,7,daylight,1715,334,72.5613104771253,0.7597667638483965,320.5815817901959,539.7728059663474,102.15953845605867,122.30061999028187,143.48496564504472,132.65699147474615,155.51063439532427,179.6516380701479
exponential,0,7,zero_pv,289,125,20.44001549474864,0.7785467128027682,66.43072179534796,148.54978348925167,32.55665773915171,78.31672156862749,206.96647284881686,53.222487920870655,116.6642848940743,233.60801696596613
exponential,0,8,all,2004,334,118.48557339373043,0.8353293413173652,618.6086016016403,888.6877047313014,165.2776628733003,201.85281169328007,158.60718804641527,218.39479346730639,257.37408059552297,211.71125107636544
exponential,0,8,daylight,2004,334,118.48557339373043,0.8353293413173652,618.6086016016403,888.6877047313014,165.2776628733003,201.85281169328007,158.60718804641527,218.39479346730639,257.37408059552297,211.71125107636544
exponential,0,9,all,2004,334,209.03817407446672,0.8333333333333334,1089.490455942021,1561.2374102284562,293.6227204531164,314.56781916999324,280.36457180363067,368.01956666654763,397.0821787847505,355.187128127611
exponential,0,9,daylight,2004,334,209.03817407446672,0.8333333333333334,1089.490455942021,1561.2374102284562,293.6227204531164,314.56781916999324,280.36457180363067,368.01956666654763,397.0821787847505,355.187128127611
exponential,0,10,all,2004,334,301.04103391179973,0.841816367265469,1559.8612561096754,2257.785362638512,417.4677626578054,425.17593789088477,399.5289101709954,522.2869510134699,539.4269296543278,504.8476415807603
exponential,0,10,daylight,2004,334,301.04103391179973,0.841816367265469,1559.8612561096754,2257.785362638512,417.4677626578054,425.17593789088477,399.5289101709954,522.2869510134699,539.4269296543278,504.8476415807603
exponential,0,11,all,2004,334,374.7950315436753,0.8323353293413174,1969.2689274647198,2899.151642469488,519.8853068236889,509.6048268712569,497.5360046248741,651.2024355299305,647.9491001642849,627.5619117884147
exponential,0,11,daylight,2004,334,374.7950315436753,0.8323353293413174,1969.2689274647198,2899.151642469488,519.8853068236889,509.6048268712569,497.5360046248741,651.2024355299305,647.9491001642849,627.5619117884147
exponential,0,12,all,2004,334,431.6837672918788,0.8343313373253493,2248.994219649034,3344.3368175633764,594.7172988571923,576.7365724966729,576.8586423809421,743.7383186190953,729.4101160053109,722.4049470401993
exponential,0,12,daylight,2004,334,431.6837672918788,0.8343313373253493,2248.994219649034,3344.3368175633764,594.7172988571923,576.7365724966729,576.8586423809421,743.7383186190953,729.4101160053109,722.4049470401993
exponential,0,13,all,2004,334,459.7074537586812,0.8502994011976048,2425.6801345967756,3565.3858479599994,635.9315068823812,616.2301666500337,619.8471436802563,794.0428819464224,781.0203380276756,780.6995657483251
exponential,0,13,daylight,2004,334,459.7074537586812,0.8502994011976048,2425.6801345967756,3565.3858479599994,635.9315068823812,616.2301666500337,619.8471436802563,794.0428819464224,781.0203380276756,780.6995657483251
exponential,0,14,all,2004,334,441.3984753514266,0.8473053892215568,2327.803160785756,3368.269228588386,616.0094880212152,587.716743745842,588.7531571683945,770.2671973946073,739.2940498631875,742.1396895352742
exponential,0,14,daylight,2004,334,441.3984753514266,0.8473053892215568,2327.803160785756,3368.269228588386,616.0094880212152,587.716743745842,588.7531571683945,770.2671973946073,739.2940498631875,742.1396895352742
exponential,0,15,all,2004,334,410.51702349250553,0.8527944111776448,2143.0488044267977,3010.023384632878,573.2859751510997,550.5659089654025,552.7924923465631,718.2870658802863,684.0182579049906,689.5896158786766
exponential,0,15,daylight,2004,334,410.51702349250553,0.8527944111776448,2143.0488044267977,3010.023384632878,573.2859751510997,550.5659089654025,552.7924923465631,718.2870658802863,684.0182579049906,689.5896158786766
exponential,0,16,all,2004,334,320.7044695418022,0.8517964071856288,1683.870036747166,2441.9341523022745,446.0113897696681,429.4696538838987,430.0234475398443,568.4160272497295,538.0911125318991,542.6929361399478
exponential,0,16,daylight,2004,334,320.7044695418022,0.8517964071856288,1683.870036747166,2441.9341523022745,446.0113897696681,429.4696538838987,430.0234475398443,568.4160272497295,538.0911125318991,542.6929361399478
exponential,0,17,all,2004,334,198.62389530637031,0.8587824351297405,1065.9913309176675,1567.2064022086151,276.3676539028206,290.82447180638707,286.3995530044092,369.971535964509,361.3861819742332,367.6128114892955
exponential,0,17,daylight,1984,334,200.5436102282631,0.8578629032258065,1076.0667989132814,1582.319725435356,278.96852898325744,292.44828040154556,288.80749988886504,371.8247758997849,362.96659614749177,369.4229935476452
exponential,0,17,zero_pv,20,20,8.18817505460744,0.95,66.50490575272671,67.96473811595165,18.360845923470787,129.74265916666758,47.531222066389184,22.495861050325054,130.52989979777584,52.81680887423375
exponential,0,18,all,2004,334,96.46161094743192,0.8043912175648703,479.321184848941,778.1521848556831,133.95927089000793,199.8845224966732,207.09843633597666,198.09656157377395,251.9167104651863,268.8082651323021
exponential,0,18,daylight,1582,334,116.30848593651379,0.7857142857142857,589.2676846138044,940.5060700241239,160.634513552265,223.86426638748407,232.41328907828492,220.1927089790837,270.66930606,287.3556546033576
exponential,0,18,zero_pv,422,152,22.05934499310094,0.8744075829383886,67.1520790953541,169.51747789721642,33.95871664429547,109.98889492496066,112.1977324536745,67.77550042179718,163.4754548355582,183.26864794351425
exponential,0,19,all,2004,334,23.993120859174134,0.7420159680638723,98.03089011889514,179.8909331369508,33.185680980256784,94.76548420658682,82.76345178626315,64.96220291180998,153.6810603224004,137.92093732683782
exponential,0,19,daylight,1024,334,38.837666143899334,0.7119140625,173.4487004782093,293.8877645200433,53.573642201349436,141.74535858561188,125.67552757071323,83.5878823834478,192.7446220685015,173.5235018356945
exponential,0,19,zero_pv,980,314,8.482085786155189,0.773469387755102,19.22697398834652,60.77587667135179,11.88234190842127,45.676309345238174,37.92471137475612,36.45566872072134,97.3532752425381,86.23297359404286
exponential,0,20,all,2004,334,0.20735183144279287,0.8198602794411177,0.5203248947366942,1.482121206158759,0.2938516241288351,0.24375773453093805,0.41254500686127765,0.6114658489639422,0.8831251088084835,0.888248002336547
exponential,0,20,daylight,473,268,0.3585427655655954,0.6046511627906976,0.8294739308238476,2.747977671148409,0.4613204691322803,0.6261126849894291,0.8335126255515448,0.8730063408842498,1.2788554347259573,1.5009090401610417
exponential,0,20,zero_pv,1531,334,0.1606416342905488,0.8863487916394513,0.42481379475679704,1.0910368770012768,0.24211239245892682,0.12562978445460485,0.28248773472509414,0.5039259825766689,0.7180429472327452,0.580313124395033
exponential,0,21,all,2004,334,0.10993344594446097,0.8547904191616766,0.20924811428171317,0.7754422671932034,0.1502599836994961,0.0008088822355289424,0.2519842783183632,0.3500024553189262,0.0035939903265125614,0.5502536365343088
exponential,0,21,daylight,199,140,0.0036238722980166203,0.49246231155778897,0.007764923073207733,0.02775072793225973,0.00454363979050778,0.008145728643216084,0.008145728643216084,0.006647197463251366,0.011405103327438456,0.011405103327438456
exponential,0,21,zero_pv,1805,334,0.12165400281739307,0.8947368421052632,0.23146149658115509,0.8578747416047979,0.1663251097038666,0.0,0.2788673095567866,0.36878527220149726,0.0,0.579780911957835
exponential,0,22,all,2004,334,0.10942080772431695,0.907185628742515,0.2076655435793205,0.7715956213523969,0.14950817903685498,0.0,0.25117539608283423,0.3499570127050534,0.0,0.5502418993068086
exponential,0,22,zero_pv,2004,334,0.10942080772431695,0.907185628742515,0.2076655435793205,0.7715956213523969,0.14950817903685498,0.0,0.25117539608283423,0.3499570127050534,0.0,0.5502418993068086
exponential,0,23,all,2004,334,0.10939791198418403,0.9086826347305389,0.2076704013211517,0.7714045135141554,0.14948856460920254,0.0,0.25117539608283423,0.34992109236404273,0.0,0.5502418993068086
exponential,0,23,zero_pv,2004,334,0.10939791198418403,0.9086826347305389,0.2076704013211517,0.7714045135141554,0.14948856460920254,0.0,0.25117539608283423,0.34992109236404273,0.0,0.5502418993068086
exponential,0,24,all,2004,334,0.10937505891890803,0.9101796407185628,0.20767096847108238,0.7712945770281884,0.1494690244993292,0.0,0.25117539608283423,0.34988538157627924,0.0,0.5502418993068086
exponential,0,24,zero_pv,2004,334,0.10937505891890803,0.9101796407185628,0.20767096847108238,0.7712945770281884,0.1494690244993292,0.0,0.25117539608283423,0.34988538157627924,0.0,0.5502418993068086
exponential,6,0,all,36072,334,114.6181305665928,0.8417054779330229,605.0491965109392,890.11928215129,158.1576987640436,180.0343300597878,165.96209945463212,276.12316434939964,286.8707659830625,277.0522816997486
exponential,6,0,daylight,25013,334,164.52081917212314,0.8188142166073642,870.5180308435538,1277.709700859561,226.9372137464483,254.91155091552406,234.45931722261452,331.41831616938055,343.0346211057247,331.2155344676625
exponential,6,0,zero_pv,11059,334,1.7493404327534376,0.8934804231847364,4.617696993650286,13.475901814007134,2.5937229746515387,10.678698875727155,11.036617220203702,16.174610035360924,47.7268902119705,47.349471099233305
exponential,6,1,all,2004,334,38.99135646283027,0.7145708582834331,156.48759092833518,296.1671010462919,55.500076703094386,106.80832378576171,105.82266570502425,78.26611405656466,129.20409517738287,142.70560383391827
exponential,6,1,daylight,1715,334,43.30507205721547,0.6927113702623907,174.4653920890296,329.5776683424576,61.06801645156599,111.25897723517977,92.62247756415022,82.87296046003881,130.63711312315192,130.74917620355671
exponential,6,1,zero_pv,289,125,13.392663575734808,0.8442906574394463,49.80271552836911,97.90023975589521,22.458496534828996,80.39700660322954,184.15596211194142,41.47687752218869,120.34963958757847,199.41712685880498
exponential,6,2,all,2004,334,56.93494140406165,0.8238522954091816,289.53884346274015,441.56627626449324,78.47084239915378,151.51252282102456,87.77481020323917,105.5461930952248,175.9049491360842,112.6065688623722
exponential,6,2,daylight,2004,334,56.93494140406165,0.8238522954091816,289.53884346274015,441.56627626449324,78.47084239915378,151.51252282102456,87.77481020323917,105.5461930952248,175.9049491360842,112.6065688623722
exponential,6,3,all,2004,334,91.83124585833757,0.8448103792415169,488.34467862957797,718.9878605996082,126.24828950517482,192.99341258316701,133.64653028641857,167.3909022346209,232.52415746393785,173.12707535446472
exponential,6,3,daylight,2004,334,91.83124585833757,0.8448103792415169,488.34467862957797,718.9878605996082,126.24828950517482,192.99341258316701,133.64653028641857,167.3909022346209,232.52415746393785,173.12707535446472
exponential,6,4,all,2004,334,146.7579094716219,0.8383233532934131,778.4050988160171,1155.7732464217993,202.5721457988918,237.7930955089822,200.63863544867988,258.33921170338215,301.39509173093927,257.2268019825318
exponential,6,4,daylight,2004,334,146.7579094716219,0.8383233532934131,778.4050988160171,1155.7732464217993,202.5721457988918,237.7930955089822,200.63863544867988,258.33921170338215,301.39509173093927,257.2268019825318
exponential,6,5,all,2004,334,198.83184447299334,0.8498003992015968,1062.6473869287559,1514.0687430464643,277.4111628211134,287.21636767298776,269.5933799058308,345.68224625685923,358.0374873899234,336.2780722151198
exponential,6,5,daylight,2004,334,198.83184447299334,0.8498003992015968,1062.6473869287559,1514.0687430464643,277.4111628211134,287.21636767298776,269.5933799058308,345.68224625685923,358.0374873899234,336.2780722151198
exponential,6,6,all,2004,334,252.54445351659618,0.8602794411177644,1378.8412309465477,1992.1130477538318,345.2615696837852,340.96357699600804,338.16647696977856,444.749402187383,442.07916627802166,436.4967933917471
exponential,6,6,daylight,2004,334,252.54445351659618,0.8602794411177644,1378.8412309465477,1992.1130477538318,345.2615696837852,340.96357699600804,338.16647696977856,444.749402187383,442.07916627802166,436.4967933917471
exponential,6,7,all,2004,334,296.74254827489943,0.8363273453093812,1564.6801612377803,2317.908642377944,409.1816234262861,396.7008294328011,408.0779111139259,515.5114213484607,500.05076891774377,515.4100128171312
exponential,6,7,daylight,2004,334,296.74254827489943,0.8363273453093812,1564.6801612377803,2317.908642377944,409.1816234262861,396.7008294328011,408.0779111139259,515.5114213484607,500.05076891774377,515.4100128171312
exponential,6,8,all,2004,334,286.82045966980854,0.8488023952095808,1540.6917777741828,2284.498736320626,395.0606913542302,382.7476240768465,386.01444038749946,498.91224789330374,482.876523527965,488.89233763340695
exponential,6,8,daylight,2004,334,286.82045966980854,0.8488023952095808,1540.6917777741828,2284.498736320626,395.0606913542302,382.7476240768465,386.01444038749946,498.91224789330374,482.876523527965,488.89233763340695
exponential,6,9,all,2004,334,267.0147245569368,0.8532934131736527,1424.791880642939,2065.6524333955276,368.37347468602616,361.72139524284745,360.08222987718,465.1393306301065,451.2651832074555,451.1082315657915
exponential,6,9,daylight,2004,334,267.0147245569368,0.8532934131736527,1424.791880642939,2065.6524333955276,368.37347468602616,361.72139524284745,360.08222987718,465.1393306301065,451.2651832074555,451.1082315657915
exponential,6,10,all,2004,334,209.2518620672803,0.8572854291417166,1104.1391241268914,1554.7359831143817,290.49260695297716,295.3649556470392,288.5958472141553,366.675101758514,366.6194413858555,359.4997674531931
exponential,6,10,daylight,2004,334,209.2518620672803,0.8572854291417166,1104.1391241268914,1554.7359831143817,290.49260695297716,295.3649556470392,288.5958472141553,366.675101758514,366.6194413858555,359.4997674531931
exponential,6,11,all,2004,334,130.11798756674312,0.8348303393213573,689.2839724459537,995.944959769824,179.49199623797102,214.29423977877585,190.98503200552628,237.6719002196986,267.7967283316946,245.36579657988935
exponential,6,11,daylight,1984,334,131.30920958686949,0.8356854838709677,695.7788081862967,1005.0031164255321,181.1011632681938,215.13511617103492,191.8885029611378,238.8536392240435,268.81914290284317,246.37915923152093
exponential,6,11,zero_pv,20,20,11.948763170211551,0.75,44.996267003930456,97.37581952358839,19.86262683986942,130.8793016666662,101.36071320886089,25.011068640655054,131.48997767080792,103.78549838204823
exponential,6,12,all,2004,334,67.25878114966038,0.8163672654690619,334.44504847821173,524.4627632625203,90.8405902277632,178.28255054890212,135.37807700534103,135.24197847034915,223.5688954732212,183.46203343570744
exponential,6,12,daylight,1582,334,81.2644638525363,0.7945638432364096,413.4966328534799,634.2553282740255,109.25635198879655,195.98857569532245,154.35585511322031,149.8486690583885,236.7802689783191,197.29535043597627
exponential,6,12,zero_pv,422,152,14.754065424660977,0.8981042654028436,38.09527008561878,112.87073044687848,21.803303246827934,111.9059349526066,64.23389461987934,51.76350906700987,164.8737067320908,117.9525007338839
exponential,6,13,all,2004,334,19.38943750180746,0.7370259481037924,77.23143798851225,155.7588285777036,27.045446373425982,93.9698541417166,81.12517065128822,53.098846383567626,148.8957764807602,132.59209371808078
exponential,6,13,daylight,1024,334,30.23400544532812,0.6982421875,134.17082783975528,242.89133202575627,42.15503344216007,140.13445051269542,122.38178367620658,65.54150493786747,185.51467121980176,165.41837144498632
exponential,6,13,zero_pv,980,314,8.057970589394053,0.7775510204081633,17.735585735784937,64.7142535462687,11.257469681197668,45.73256160714284,38.01621989872032,35.73524416599885,96.82149808257034,85.7838644511338
exponential,6,14,all,2004,334,0.2029784665248399,0.8308383233532934,0.5218386821448842,1.4718684332101395,0.2900757675155233,0.24838395708582828,0.412250594073949,0.5976485291826313,0.8993454266010403,0.8877409942463524
exponential,6,14,daylight,473,268,0.3508986074242919,0.6321353065539113,0.848453090405644,2.730681567596959,0.45639188329014097,0.6269903805496828,0.8332952626881014,0.8580373909154172,1.2783924983794255,1.5006632972945824
exponential,6,14,zero_pv,1531,334,0.15727877570482615,0.8922273024167211,0.4209316833811092,1.0829601297712346,0.23869266969619318,0.13141410842586546,0.2821695174870812,0.48997816654807935,0.7441747434883079,0.5794933794148465
exponential,6,15,all,2004,334,0.10934482936434169,0.8647704590818364,0.2100292019173916,0.7625320856396399,0.1500618878736909,0.0008088822355289424,0.2516898655310347,0.34956768687872253,0.0035939903265125614,0.5494364191682279
exponential,6,15,daylight,199,140,0.003530550546978168,0.542713567839196,0.008027942368054502,0.027332827862173746,0.004482249965201535,0.008145728643216084,0.008145728643216084,0.00652441171342261,0.011405103327438456,0.011405103327438456
exponential,6,15,zero_pv,1805,334,0.12101078032536955,0.9002770083102493,0.23229970089263713,0.8435872946688452,0.16611194213617808,0.0,0.27854043796354205,0.36832739762142935,0.0,0.5789198049570833
exponential,6,16,all,2004,334,0.10884973166001852,0.9131736526946108,0.2084567169303099,0.7584612130840243,0.14932832975468954,0.0,0.2508809832955057,0.34951982985395613,0.0,0.5494246644827092
exponential,6,16,zero_pv,2004,334,0.10884973166001852,0.9131736526946108,0.2084567169303099,0.7584612130840243,0.14932832975468954,0.0,0.2508809832955057,0.34951982985395613,0.0,0.5494246644827092
exponential,6,17,all,2004,334,0.10882500471535717,0.9131736526946108,0.20847893959166547,0.758019315800429,0.14930799648770343,0.0,0.2508809832955057,0.3494812037356778,0.0,0.5494246644827092
exponential,6,17,zero_pv,2004,334,0.10882500471535717,0.9131736526946108,0.20847893959166547,0.758019315800429,0.14930799648770343,0.0,0.2508809832955057,0.3494812037356778,0.0,0.5494246644827092
exponential,6,18,all,2004,334,0.10880019282831495,0.9131736526946108,0.20850124988183472,0.757575724457033,0.14928760125890955,0.0,0.2508809832955057,0.34944247890354924,0.0,0.5494246644827092
exponential,6,18,zero_pv,2004,334,0.10880019282831495,0.9131736526946108,0.20850124988183472,0.757575724457033,0.14928760125890955,0.0,0.2508809832955057,0.34944247890354924,0.0,0.5494246644827092
exponential,12,0,all,24048,334,52.76149983377665,0.8463489687292083,275.8601666512074,420.50076345023854,72.72483536232494,98.60043487954637,84.1278480549967,139.5965253560513,166.15767162099814,150.81491039695726
exponential,12,0,daylight,13278,334,94.50376712277513,0.807275192046995,497.29799084772196,753.6271353277785,130.2309343284894,171.409079277125,147.56426742727655,187.4697669758477,220.06633709170097,200.77492167504198
exponential,12,0,zero_pv,10770,334,1.2987491315182556,0.8945218198700093,2.8563198841394764,9.799559570019694,1.8273439906694016,8.83690838826989,5.919048015522963,13.537597356389636,44.03436766987302,33.003927414931404
exponential,12,1,all,2004,334,129.54896724684573,0.842814371257485,691.6313132216346,1054.4706884529976,178.91734403675053,178.19357015136399,202.49790877412158,239.8232236257405,237.74411917188823,265.7977623463415
exponential,12,1,daylight,2004,334,129.54896724684573,0.842814371257485,691.6313132216346,1054.4706884529976,178.91734403675053,178.19357015136399,202.49790877412158,239.8232236257405,237.74411917188823,265.7977623463415
exponential,12,2,all,2004,334,133.97337848564126,0.8398203592814372,713.5947097379672,1057.4361733548617,183.89393282141,182.108216126081,179.2062822835054,240.54704677256763,234.96230292022847,233.85522389298683
exponential,12,2,daylight,2004,334,133.97337848564126,0.8398203592814372,713.5947097379672,1057.4361733548617,183.89393282141,182.108216126081,179.2062822835054,240.54704677256763,234.96230292022847,233.85522389298683
exponential,12,3,all,2004,334,125.29661437477779,0.8458083832335329,678.6961154460828,996.0961273246222,172.74156875624902,185.0860449101794,167.32238432105495,225.5768135339414,236.5212260189414,219.53492174721794
exponential,12,3,daylight,2004,334,125.29661437477779,0.8458083832335329,678.6961154460828,996.0961273246222,172.74156875624902,185.0860449101794,167.32238432105495,225.5768135339414,236.5212260189414,219.53492174721794
exponential,12,4,all,2004,334,109.48501571825956,0.8493013972055888,572.1365469905955,856.8024648733928,151.06525061148756,185.6604969893548,149.1380055657044,197.7348963807413,229.88954531463173,194.82901774346365
exponential,12,4,daylight,2004,334,109.48501571825956,0.8493013972055888,572.1365469905955,856.8024648733928,151.06525061148756,185.6604969893548,149.1380055657044,197.7348963807413,229.88954531463173,194.82901774346365
exponential,12,5,all,2004,334,74.4048624890017,0.843313373253493,392.7911476848952,605.9534564495317,102.50014334646313,181.7124108782435,121.74778594352358,137.89925582719158,210.6972650988234,154.35727165849758
exponential,12,5,daylight,1984,334,75.0567597849147,0.8442540322580645,396.4025662807466,611.4294016103773,103.37644309305531,182.22536923723115,122.33185454061466,138.58197159070875,211.3468466937168,154.99846881444796
exponential,12,5,zero_pv,20,20,9.736650734430363,0.75,34.538422976441446,62.73969649364328,15.571208484518582,130.8269416666669,63.80818111208741,17.07050098954171,131.13905011311445,64.4131324639076
exponential,12,6,all,2004,334,43.54116693244438,0.781437125748503,200.52643284337594,343.31341873226023,60.10910047791311,174.9307008067199,106.18693652624778,86.58496354020906,210.67263330342672,142.7488623781919
exponential,12,6,daylight,1582,334,52.01825705778014,0.7547408343868521,246.70694225531383,411.33221401344196,71.6645148409042,191.60740694795618,120.13954127189767,94.69886515559618,221.27804127108024,151.38749836903742
exponential,12,6,zero_pv,422,152,11.762122908081494,0.8815165876777251,27.404238791988526,88.32352741749928,16.789987865941562,112.41281190758303,53.88120025227093,44.52810227364417,164.95328715138925,104.17165991019928
exponential,12,7,all,2004,334,16.255533531167426,0.7290419161676647,59.56348701221719,127.99864470250398,22.590620677533334,95.26673924650703,82.0206544779955,44.387316475048266,148.33181783076975,131.32252689042897
exponential,12,7,daylight,1024,334,24.265891551848938,0.6845703125,100.80398652293509,191.59775046893188,33.72590080905977,142.57159215494798,124.09552778370191,52.463206604819284,184.9740689814124,163.85913285107455
exponential,12,7,zero_pv,980,314,7.885526783026769,0.7755102040816326,16.471373237752726,61.54406888125662,10.955389193162839,45.83799498299324,38.0567052279513,33.95530229360981,96.12964104903482,84.91282188038033
exponential,12,8,all,2004,334,0.2022991662100234,0.8233532934131736,0.5262631389305976,1.3226229085492114,0.28878867365023553,0.24623056387225548,0.4117776657370744,0.5970773537287967,0.8913631419658515,0.8872344231591862
exponential,12,8,daylight,473,268,0.3496424071103277,0.5919661733615222,0.8523607306611775,2.5077714064946477,0.4552664807447248,0.625630549682875,0.8328277708151334,0.8564425771220527,1.2772528172964637,1.5004241003590502
exponential,12,8,zero_pv,1531,334,0.156777707721556,0.8948399738732854,0.4255158098067808,0.9564731766562059,0.23735562155637943,0.12901554539516655,0.28169490956338245,0.4899286989784763,0.7321105526126671,0.5786686557224259
exponential,12,9,all,2004,334,0.10793806182722923,0.8617764471057884,0.21518383309986194,0.6565675116294869,0.1483900381825876,0.0008088822355289424,0.25121693719416005,0.34623241224989526,0.0035939903265125614,0.5486131432543374
exponential,12,9,daylight,199,140,0.0035397764941964365,0.5025125628140703,0.008009889005032893,0.02615746104979854,0.004483056184698092,0.008145728643216084,0.008145728643216084,0.006519501372435592,0.011405103327438456,0.011405103327438456
exponential,12,9,zero_pv,1805,334,0.1194479004872146,0.9013850415512465,0.23802461696405633,0.7260697831338404,0.16425568328928017,0.0,0.27801536960503975,0.3648130214682565,0.0,0.5780523139715598
exponential,12,10,all,2004,334,0.10743529046403866,0.9131736526946108,0.21359870226453356,0.6530451379229069,0.14765139874833308,0.0,0.2504080549586311,0.346180755801297,0.0,0.5486013709287801
exponential,12,10,zero_pv,2004,334,0.10743529046403866,0.9131736526946108,0.21359870226453356,0.6530451379229069,0.14765139874833308,0.0,0.2504080549586311,0.346180755801297,0.0,0.5486013709287801
exponential,12,11,all,2004,334,0.10740737262878984,0.9131736526946108,0.21359993677183073,0.6529997097904515,0.14762832632315206,0.0,0.2504080549586311,0.34613809445590876,0.0,0.5486013709287801
exponential,12,11,zero_pv,2004,334,0.10740737262878984,0.9131736526946108,0.21359993677183073,0.6529997097904515,0.14762832632315206,0.0,0.2504080549586311,0.34613809445590876,0.0,0.5486013709287801
exponential,12,12,all,2004,334,0.10737933605151861,0.9131736526946108,0.213601266653334,0.6529522448045165,0.14760518318810661,0.0,0.2504080549586311,0.34609530905779257,0.0,0.5486013709287801
exponential,12,12,zero_pv,2004,334,0.10737933605151861,0.9131736526946108,0.213601266653334,0.6529522448045165,0.14760518318810661,0.0,0.2504080549586311,0.34609530905779257,0.0,0.5486013709287801
exponential,18,0,all,12024,334,2.632669403930857,0.863606121091151,8.67839171343208,18.756991062439177,3.7134600879985133,15.873996141051236,13.86652306066449,17.23356935390492,60.07259407948706,53.096892046604694
exponential,18,0,daylight,1696,334,13.447782943303608,0.6350235849056604,50.66522499183666,98.15504848522421,19.12633899991664,85.9820542305425,74.93377535430783,37.80474527543311,142.33919703921148,125.85893720533146
exponential,18,0,zero_pv,10328,334,0.8566786445605825,0.9011425251742835,1.7835747846778003,5.718735312144483,1.1824528615642467,4.361286369577847,3.838438253342744,10.53909833550847,29.56810492323171,26.096372626537203
exponential,18,1,all,2004,334,15.158798620094919,0.7220558882235529,50.72038556032359,108.12591588984294,21.39898958361582,94.99512435129742,81.78370424462491,42.203552976746586,147.1444624825955,130.0526266898954
exponential,18,1,daylight,1024,334,22.109919344895747,0.6669921875,83.52910588682437,161.31146458805134,31.467919703439883,142.11634626464857,123.72267989303883,48.649493790535736,183.1819023773033,161.97142249588464
exponential,18,1,zero_pv,980,314,7.8955867607112,0.7795918367346939,16.43862064773502,52.55244459702086,10.877985050248638,45.75825573979593,37.961754179343394,34.19375350635616,95.98388293049983,84.70025573082495
exponential,18,2,all,2004,334,0.2028286192584103,0.8338323353293413,0.5157916954854843,1.4424405503500042,0.2880757435841484,0.24804361277445103,0.4120207360480652,0.592912621468303,0.8980559137625805,0.8875628213917187
exponential,18,2,daylight,473,268,0.3513222874713083,0.6194503171247357,0.8305551177441681,2.7114665537700016,0.4529223432984898,0.6274934460887949,0.8330608677257245,0.8544048482133361,1.2793086555955568,1.500603207043145
exponential,18,2,zero_pv,1531,334,0.15695173809270108,0.9000653167864141,0.4185460398823764,1.0503769973665544,0.2371466504000307,0.13081319399085564,0.28194106114046674,0.4843759538318587,0.741645642779419,0.5791841330259311
exponential,18,3,all,2004,334,0.10898458481135492,0.8682634730538922,0.20971307392725289,0.7461457076986524,0.14898472903370985,0.0008088822355289424,0.25146000750515096,0.34792840737712444,0.0035939903265125614,0.5491429913638688
exponential,18,3,daylight,199,140,0.003552867817872855,0.507537688442211,0.007862248009272387,0.027632225337988637,0.004466829929682395,0.008145728643216084,0.008145728643216084,0.006504803496596122,0.011405103327438456,0.011405103327438456
exponential,18,3,zero_pv,1805,334,0.12060835859623185,0.9080332409972299,0.2319669876988197,0.8253613215434016,0.1649177273282813,0.0,0.2782852382494861,0.36660012395505254,0.0,0.5786106182486829
exponential,18,4,all,2004,334,0.10849037602832699,0.9191616766467066,0.20814964910472705,0.7425173592986136,0.14825612408057603,0.0,0.25065112526962197,0.34788336718097723,0.0,0.5491312303972439
exponential,18,4,zero_pv,2004,334,0.10849037602832699,0.9191616766467066,0.20814964910472705,0.7425173592986136,0.14825612408057603,0.0,0.25065112526962197,0.34788336718097723,0.0,0.5491312303972439
exponential,18,5,all,2004,334,0.10846823069146354,0.9191616766467066,0.20815318833624535,0.7424818340117602,0.1482368473228785,0.0,0.25065112526962197,0.34784705459738885,0.0,0.5491312303972439
exponential,18,5,zero_pv,2004,334,0.10846823069146354,0.9191616766467066,0.20815318833624535,0.7424818340117602,0.1482368473228785,0.0,0.25065112526962197,0.34784705459738885,0.0,0.5491312303972439
exponential,18,6,all,2004,334,0.10844599270066395,0.9191616766467066,0.20815711341516363,0.7424450334330102,0.14821750035396974,0.0,0.25065112526962197,0.34781062395708773,0.0,0.5491312303972439
exponential,18,6,zero_pv,2004,334,0.10844599270066395,0.9191616766467066,0.20815711341516363,0.7424450334330102,0.14821750035396974,0.0,0.25065112526962197,0.34781062395708773,0.0,0.5491312303972439
pooled,0,0,all,48096,334,144.74533374623343,0.8325016633399867,751.4389934368486,1104.25969541346,201.20951603419724,206.64540654662886,203.47812465865002,392.4087607224459,388.7782724662935,384.04016884442007
pooled,0,0,daylight,26880,334,257.721464598563,0.8055059523809524,1341.1795402564953,1966.4927986713285,358.1510205169329,364.63357862878206,357.5153694622834,524.7301916766075,519.0413190016599,512.2514300000676
pooled,0,0,zero_pv,21216,334,1.6081543858156835,0.8667043740573153,4.256400181188674,11.837664136522054,2.369600852450899,6.4793966687877145,8.317814500200573,15.132244408195453,36.369874872073645,43.5154720453269
pooled,0,1,all,2004,334,0.33071899147313016,0.8502994011976048,0.7203549248006204,2.353940083439792,0.4644112739693143,0.0,1.04905135962043,1.1037534104440478,0.0,2.2268519992148343
pooled,0,1,zero_pv,2004,334,0.33071899147313016,0.8502994011976048,0.7203549248006204,2.353940083439792,0.4644112739693143,0.0,1.04905135962043,1.1037534104440478,0.0,2.2268519992148343
pooled,0,2,all,2004,334,0.33071899147313016,0.8502994011976048,0.7203549248006204,2.353940083439792,0.4644112739693143,0.0,1.04905135962043,1.1037534104440478,0.0,2.2268519992148343
pooled,0,2,zero_pv,2004,334,0.33071899147313016,0.8502994011976048,0.7203549248006204,2.353940083439792,0.4644112739693143,0.0,1.04905135962043,1.1037534104440478,0.0,2.2268519992148343
pooled,0,3,all,2004,334,0.33071899147313016,0.8502994011976048,0.7203549248006204,2.353940083439792,0.4644112739693143,0.0,1.04905135962043,1.1037534104440478,0.0,2.2268519992148343
pooled,0,3,zero_pv,2004,334,0.33071899147313016,0.8502994011976048,0.7203549248006204,2.353940083439792,0.4644112739693143,0.0,1.04905135962043,1.1037534104440478,0.0,2.2268519992148343
pooled,0,4,all,2004,334,0.3310050620558697,0.8173652694610778,0.7214840664945698,2.35698391367319,0.4647133459380495,0.0008103293413173656,1.0489160801793123,1.1034944540991452,0.0036067115581195353,2.22575242498185
pooled,0,4,daylight,193,137,0.7574658176232575,0.41968911917098445,1.710299039918361,5.335487387995365,1.0691698554892366,0.008413989637305703,2.373782726599374,1.9376580997912338,0.011622019925566251,3.7800321139963997
pooled,0,4,zero_pv,1811,334,0.2855567319484673,0.8597459966869133,0.6161051101882238,2.039561953129746,0.40029583829399695,0.0,0.9077237760605531,0.9733184455992003,0.0,1.9897661351923828
pooled,0,5,all,2004,334,0.43196995298805047,0.7969061876247505,1.0219987345179982,3.2116978651695707,0.589852814340332,0.2167715568862276,1.1439086145553232,1.4075200698431236,0.8047901572739462,2.394890432285227
pooled,0,5,daylight,490,266,0.707133066107166,0.6,1.6520961952729238,5.388510468176045,0.8831841724960262,0.5885191666666668,1.5265402257920841,1.7555761448536324,1.2372433153206754,2.5901582953161078
pooled,0,5,zero_pv,1514,334,0.3429145200763154,0.8606340819022457,0.8180702300464561,2.5071812367196524,0.49491730212349516,0.09645694077498898,1.0200714352250648,1.2746762794739424,0.601565188144512,2.328187445722515
pooled,0,6,all,2004,334,18.743890780219182,0.68812375249501,63.58107524935515,141.11267093077646,26.1686563588858,45.67505609614108,43.50422477252855,45.812487658991664,80.49381642022264,76.68854873403595
pooled,0,6,daylight,1184,334,26.963704092174233,0.6342905405405406,97.11578161355024,204.84388841780884,37.646267415222155,59.80641067004512,57.37364250634962,54.77891804361049,90.80097260807294,86.93336466824974
pooled,0,6,zero_pv,820,258,6.875282290762093,0.7658536585365854,15.160230938127292,49.091010559256446,9.596105760468449,25.2707587601626,23.47813867881614,28.221662464874868,62.689353122684494,58.82817305739594
pooled,0,7,all,2004,334,65.16924813979709,0.7544910179640718,285.3087886795079,483.1349216216262,92.25494527581216,115.9576326430472,152.639733899481,124.28236360278426,150.52842958664354,188.38880012594856
pooled,0,7,daylight,1715,334,72.60648863410016,0.7533527696793003,321.74292174907407,538.8426091666646,102.14314035078905,122.30061999028187,143.48496564504472,132.50053200233359,155.51063439532427,179.6516380701479
pooled,0,7,zero_pv,289,125,21.034758701285806,0.7612456747404844,69.09931388952134,152.5512394771935,33.57586377551605,78.31672156862749,206.96647284881686,54.066014267776566,116.6642848940743,233.60801696596613
pooled,0,8,all,2004,334,118.45495628186244,0.8358283433133733,616.930185867929,889.5104449959169,165.2003173755909,201.85281169328007,158.60718804641527,218.2233794360031,257.37408059552297,211.71125107636544
pooled,0,8,daylight,2004,334,118.45495628186244,0.8358283433133733,616.930185867929,889.5104449959169,165.2003173755909,201.85281169328007,158.60718804641527,218.2233794360031,257.37408059552297,211.71125107636544
pooled,0,9,all,2004,334,208.89177792842992,0.8353293413173652,1082.9215271446128,1557.6120615247683,293.414629971231,314.56781916999324,280.36457180363067,367.8083528854389,397.0821787847505,355.187128127611
pooled,0,9,daylight,2004,334,208.89177792842992,0.8353293413173652,1082.9215271446128,1557.6120615247683,293.414629971231,314.56781916999324,280.36457180363067,367.8083528854389,397.0821787847505,355.187128127611
pooled,0,10,all,2004,334,300.9333538921871,0.841816367265469,1550.4356279130118,2250.1701343815876,417.44304055540147,425.17593789088477,399.5289101709954,522.2855193322421,539.4269296543278,504.8476415807603
pooled,0,10,daylight,2004,334,300.9333538921871,0.841816367265469,1550.4356279130118,2250.1701343815876,417.44304055540147,425.17593789088477,399.5289101709954,522.2855193322421,539.4269296543278,504.8476415807603
pooled,0,11,all,2004,334,374.4155301127594,0.8313373253493014,1954.4080521860033,2874.727544047839,519.7081874826677,509.6048268712569,497.5360046248741,651.0133287799791,647.9491001642849,627.5619117884147
pooled,0,11,daylight,2004,334,374.4155301127594,0.8313373253493014,1954.4080521860033,2874.727544047839,519.7081874826677,509.6048268712569,497.5360046248741,651.0133287799791,647.9491001642849,627.5619117884147
pooled,0,12,all,2004,334,431.34051525419204,0.8358283433133733,2233.2106930552654,3332.4676606522203,594.6775851434563,576.7365724966729,576.8586423809421,743.8935758031043,729.4101160053109,722.4049470401993
pooled,0,12,daylight,2004,334,431.34051525419204,0.8358283433133733,2233.2106930552654,3332.4676606522203,594.6775851434563,576.7365724966729,576.8586423809421,743.8935758031043,729.4101160053109,722.4049470401993
pooled,0,13,all,2004,334,460.1272796660504,0.8483033932135728,2433.5519590510776,3576.2920430349814,636.3081334416044,616.2301666500337,619.8471436802563,794.5170614288712,781.0203380276756,780.6995657483251
pooled,0,13,daylight,2004,334,460.1272796660504,0.8483033932135728,2433.5519590510776,3576.2920430349814,636.3081334416044,616.2301666500337,619.8471436802563,794.5170614288712,781.0203380276756,780.6995657483251
pooled,0,14,all,2004,334,441.58062701634384,0.8483033932135728,2332.2277968271005,3374.779814773922,616.3225206617495,587.716743745842,588.7531571683945,770.6196374837535,739.2940498631875,742.1396895352742
pooled,0,14,daylight,2004,334,441.58062701634384,0.8483033932135728,2332.2277968271005,3374.779814773922,616.3225206617495,587.716743745842,588.7531571683945,770.6196374837535,739.2940498631875,742.1396895352742
pooled,0,15,all,2004,334,410.8807479919599,0.8478043912175649,2147.208249248438,3023.3504133328474,573.4873669241312,550.5659089654025,552.7924923465631,718.585827068642,684.0182579049906,689.5896158786766
pooled,0,15,daylight,2004,334,410.8807479919599,0.8478043912175649,2147.208249248438,3023.3504133328474,573.4873669241312,550.5659089654025,552.7924923465631,718.585827068642,684.0182579049906,689.5896158786766
pooled,0,16,all,2004,334,321.0332952865113,0.8522954091816367,1686.9017883374966,2454.2022458854835,446.1213680848499,429.4696538838987,430.0234475398443,568.5335753574233,538.0911125318991,542.6929361399478
pooled,0,16,daylight,2004,334,321.0332952865113,0.8522954091816367,1686.9017883374966,2454.2022458854835,446.1213680848499,429.4696538838987,430.0234475398443,568.5335753574233,538.0911125318991,542.6929361399478
pooled,0,17,all,2004,334,198.755877199979,0.8562874251497006,1066.5117133767271,1566.4653692301613,276.43488986322143,290.82447180638707,286.3995530044092,369.9447640812535,361.3861819742332,367.6128114892955
pooled,0,17,daylight,1984,334,200.6774360303611,0.8553427419354839,1076.593053383882,1581.5800608113032,279.0370457072931,292.44828040154556,288.80749988886504,371.7978896177089,362.96659614749177,369.4229935476452
pooled,0,17,zero_pv,20,20,8.137241226087891,0.95,66.44278466697317,67.0879643808793,18.301030131309425,129.74265916666758,47.531222066389184,22.46190038259605,130.52989979777584,52.81680887423375
pooled,0,18,all,2004,334,96.25566214227773,0.8068862275449101,477.5767927652715,773.9532327306136,133.62549467785416,199.8845224966732,207.09843633597666,197.94115785187654,251.9167104651863,268.8082651323021
pooled,0,18,daylight,1582,334,116.13532435904213,0.7882427307206068,587.1200373525081,935.6403547256672,160.3168806378994,223.86426638748407,232.41328907828492,220.0639599672226,270.66930606,287.3556546033576
pooled,0,18,zero_pv,422,152,21.7304829315641,0.8767772511848341,66.91941613729041,167.81809766858362,33.56442219256677,109.98889492496066,112.1977324536745,67.18438633243767,163.4754548355582,183.26864794351425
pooled,0,19,all,2004,334,24.90941371598005,0.7315369261477046,98.51197069469117,187.26059931366663,34.52689697197878,94.76548420658682,82.76345178626315,66.69505506764048,153.6810603224004,137.92093732683782
pooled,0,19,daylight,1024,334,40.032046279645165,0.6962890625,173.9029712315523,302.8626782202946,55.518528404426874,141.74535858561188,125.67552757071323,85.47739753894811,192.7446220685015,173.5235018356945
pooled,0,19,zero_pv,980,314,9.107805812721777,0.7683673469387755,19.73606809290989,66.46822298674121,12.592784128278025,45.676309345238174,37.92471137475612,38.23283822869298,97.3532752425381,86.23297359404286
pooled,0,20,all,2004,334,0.20366870855245198,0.8218562874251497,0.5130341908309957,1.4661540099049162,0.28861134632026453,0.24375773453093805,0.41254500686127765,0.5971358723912316,0.8831251088084835,0.888248002336547
pooled,0,20,daylight,473,268,0.34820686613484597,0.6131078224101479,0.8173512731364964,2.6939537388249826,0.44814718912622864,0.6261126849894291,0.8335126255515448,0.8507177426069406,1.2788554347259573,1.5009090401610417
pooled,0,20,zero_pv,1531,334,0.1590138760661865,0.8863487916394513,0.419015915239551,1.086827248455411,0.2393230029843918,0.12562978445460485,0.28248773472509414,0.49309331977676163,0.7180429472327452,0.580313124395033
pooled,0,21,all,2004,334,0.10961252993458037,0.8572854291417166,0.20917254474728417,0.7768750040264912,0.15001439817288836,0.0008088822355289424,0.2519842783183632,0.34973946251315496,0.0035939903265125614,0.5502536365343088
pooled,0,21,daylight,199,140,0.003497482279424854,0.5175879396984925,0.0076459050460630906,0.027092116523621156,0.004385469125064527,0.008145728643216084,0.008145728643216084,0.006457669110745512,0.011405103327438456,0.011405103327438456
pooled,0,21,zero_pv,1805,334,0.12131164045168623,0.8947368421052632,0.23139071721295906,0.8595380481334557,0.16606988674935202,0.0,0.2788673095567866,0.3685085275461279,0.0,0.579780911957835
pooled,0,22,all,2004,334,0.10914042436735626,0.907185628742515,0.20762259229732247,0.7733341411790587,0.14930876854085445,0.0,0.25117539608283423,0.3497305538706109,0.0,0.5502418993068086
pooled,0,22,zero_pv,2004,334,0.10914042436735626,0.907185628742515,0.20762259229732247,0.7733341411790587,0.14930876854085445,0.0,0.25117539608283423,0.3497305538706109,0.0,0.5502418993068086
pooled,0,23,all,2004,334,0.10914042436735626,0.907185628742515,0.20762259229732247,0.7733341411790587,0.14930876854085445,0.0,0.25117539608283423,0.3497305538706109,0.0,0.5502418993068086
pooled,0,23,zero_pv,2004,334,0.10914042436735626,0.907185628742515,0.20762259229732247,0.7733341411790587,0.14930876854085445,0.0,0.25117539608283423,0.3497305538706109,0.0,0.5502418993068086
pooled,0,24,all,2004,334,0.10914042436735626,0.907185628742515,0.20762259229732247,0.7733341411790587,0.14930876854085445,0.0,0.25117539608283423,0.3497305538706109,0.0,0.5502418993068086
pooled,0,24,zero_pv,2004,334,0.10914042436735626,0.907185628742515,0.20762259229732247,0.7733341411790587,0.14930876854085445,0.0,0.25117539608283423,0.3497305538706109,0.0,0.5502418993068086
pooled,6,0,all,36072,334,114.65012519814972,0.8402084719449989,604.3050680548067,889.960448205806,158.26273020143506,180.0343300597878,165.96209945463212,276.19677253349886,286.8707659830625,277.0522816997486
pooled,6,0,daylight,25013,334,164.54442765701646,0.8180945908127774,869.4227765632646,1277.305510905012,227.06268210830294,254.91155091552406,234.45931722261452,331.4990759971092,343.0346211057247,331.2155344676625
pooled,6,0,zero_pv,11059,334,1.800302664138032,0.8902251559815535,4.667737109689247,13.872008627611038,2.6525306312681356,10.678698875727155,11.036617220203702,16.526870494128676,47.7268902119705,47.349471099233305
pooled,6,1,all,2004,334,39.09206619755119,0.7140718562874252,157.21831358426724,297.3662794155843,55.640005621548276,106.80832378576171,105.82266570502425,78.45923676907309,129.20409517738287,142.70560383391827
pooled,6,1,daylight,1715,334,43.415430434316406,0.6950437317784257,175.2471899890589,330.928101434752,61.20898964212397,111.25897723517977,92.62247756415022,83.04056870733706,130.63711312315192,130.74917620355671
pooled,6,1,zero_pv,289,125,13.43611579598586,0.8269896193771626,50.23034460773566,98.20183386931099,22.592228475225813,80.39700660322954,184.15596211194142,42.01415761693645,120.34963958757847,199.41712685880498
pooled,6,2,all,2004,334,56.82751157669697,0.8258483033932136,288.01729504356086,439.9135785493331,78.39715117524221,151.51252282102456,87.77481020323917,105.51418946889878,175.9049491360842,112.6065688623722
pooled,6,2,daylight,2004,334,56.82751157669697,0.8258483033932136,288.01729504356086,439.9135785493331,78.39715117524221,151.51252282102456,87.77481020323917,105.51418946889878,175.9049491360842,112.6065688623722
pooled,6,3,all,2004,334,91.78664447287063,0.843812375249501,486.932898709882,720.7221892212058,126.22666197603228,192.99341258316701,133.64653028641857,167.4128610227022,232.52415746393785,173.12707535446472
pooled,6,3,daylight,2004,334,91.78664447287063,0.843812375249501,486.932898709882,720.7221892212058,126.22666197603228,192.99341258316701,133.64653028641857,167.4128610227022,232.52415746393785,173.12707535446472
pooled,6,4,all,2004,334,146.82680107709226,0.8348303393213573,775.3823767695598,1160.0152884196089,202.69953775736403,237.7930955089822,200.63863544867988,258.348240661618,301.39509173093927,257.2268019825318
pooled,6,4,daylight,2004,334,146.82680107709226,0.8348303393213573,775.3823767695598,1160.0152884196089,202.69953775736403,237.7930955089822,200.63863544867988,258.348240661618,301.39509173093927,257.2268019825318
pooled,6,5,all,2004,334,198.92716435344462,0.8483033932135728,1056.2539201488676,1513.290662304264,277.28871474103863,287.21636767298776,269.5933799058308,345.68941589144083,358.0374873899234,336.2780722151198
pooled,6,5,daylight,2004,334,198.92716435344462,0.8483033932135728,1056.2539201488676,1513.290662304264,277.28871474103863,287.21636767298776,269.5933799058308,345.68941589144083,358.0374873899234,336.2780722151198
pooled,6,6,all,2004,334,252.3311907998894,0.8498003992015968,1369.70428806954,1988.6485796754537,345.31651540993687,340.96357699600804,338.16647696977856,444.7600093720947,442.07916627802166,436.4967933917471
pooled,6,6,daylight,2004,334,252.3311907998894,0.8498003992015968,1369.70428806954,1988.6485796754537,345.31651540993687,340.96357699600804,338.16647696977856,444.7600093720947,442.07916627802166,436.4967933917471
pooled,6,7,all,2004,334,296.8989695279209,0.8368263473053892,1564.9929664778736,2320.0382605797745,409.53915540148023,396.7008294328011,408.0779111139259,515.6832823550955,500.05076891774377,515.4100128171312
pooled,6,7,daylight,2004,334,296.8989695279209,0.8368263473053892,1564.9929664778736,2320.0382605797745,409.53915540148023,396.7008294328011,408.0779111139259,515.6832823550955,500.05076891774377,515.4100128171312
pooled,6,8,all,2004,334,286.95773287096614,0.8458083832335329,1545.7487727852176,2282.690429561678,395.3264368223571,382.7476240768465,386.01444038749946,499.0840289117661,482.876523527965,488.89233763340695
pooled,6,8,daylight,2004,334,286.95773287096614,0.8458083832335329,1545.7487727852176,2282.690429561678,395.3264368223571,382.7476240768465,386.01444038749946,499.0840289117661,482.876523527965,488.89233763340695
pooled,6,9,all,2004,334,266.82335414200907,0.8557884231536926,1425.8350214115287,2058.7015927495963,368.55385595967664,361.72139524284745,360.08222987718,465.2823080308724,451.2651832074555,451.1082315657915
pooled,6,9,daylight,2004,334,266.82335414200907,0.8557884231536926,1425.8350214115287,2058.7015927495963,368.55385595967664,361.72139524284745,360.08222987718,465.2823080308724,451.2651832074555,451.1082315657915
pooled,6,10,all,2004,334,209.21574947658252,0.8617764471057884,1104.5871563853832,1554.1715917483918,290.52527792875685,295.3649556470392,288.5958472141553,366.7736121440164,366.6194413858555,359.4997674531931
pooled,6,10,daylight,2004,334,209.21574947658252,0.8617764471057884,1104.5871563853832,1554.1715917483918,290.52527792875685,295.3649556470392,288.5958472141553,366.7736121440164,366.6194413858555,359.4997674531931
pooled,6,11,all,2004,334,130.17296667777964,0.8343313373253493,690.0610675209856,995.2854861105902,179.6546046319116,214.29423977877585,190.98503200552628,237.78862492446584,267.7967283316946,245.36579657988935
pooled,6,11,daylight,1984,334,131.3746879052525,0.8351814516129032,696.5769465594376,1004.316520160841,181.27796369058044,215.13511617103492,191.8885029611378,238.9722001541389,268.81914290284317,246.37915923152093
pooled,6,11,zero_pv,20,20,10.962220912472647,0.75,43.685866906566,99.40690832570672,18.61738601196507,130.8793016666662,101.36071320886089,23.803900557479757,131.48997767080792,103.78549838204823
pooled,6,12,all,2004,334,67.12766181547862,0.8173652694610778,334.1871197309017,523.6822442574841,90.69387175017789,178.28255054890212,135.37807700534103,135.06059183484186,223.5688954732212,183.46203343570744
pooled,6,12,daylight,1582,334,81.11866220106278,0.7951959544879899,413.19765444932005,633.5402531155839,109.09653772723307,195.98857569532245,154.35585511322031,149.64832099258703,236.7802689783191,197.29535043597627
pooled,6,12,zero_pv,422,152,14.677987384212628,0.9004739336492891,37.99122891446046,111.84487455721366,21.70567844282889,111.9059349526066,64.23389461987934,51.687256433306935,164.8737067320908,117.9525007338839
pooled,6,13,all,2004,334,20.08020218042803,0.7335329341317365,77.21636965392716,160.3145309115863,27.984668928681735,93.9698541417166,81.12517065128822,54.23066097533542,148.8957764807602,132.59209371808078
pooled,6,13,daylight,1024,334,30.992066214668977,0.6953125,133.6508832660866,247.13496522033537,43.32586726103429,140.13445051269542,122.38178367620658,66.46248417902633,185.51467121980176,165.41837144498632
pooled,6,13,zero_pv,980,314,8.678417720159908,0.773469387755102,18.248061553058545,69.59603628693404,11.954682099774635,45.73256160714284,38.01621989872032,37.39498153983843,96.82149808257034,85.7838644511338
pooled,6,14,all,2004,334,0.19994937841141205,0.8273453093812375,0.5163441991939927,1.4462631874641412,0.28580562027497153,0.24838395708582828,0.412250594073949,0.5874105119835021,0.8993454266010403,0.8877409942463524
pooled,6,14,daylight,473,268,0.342550619892625,0.6257928118393234,0.8379254659367719,2.680249506065453,0.4452164131000566,0.6269903805496828,0.8332952626881014,0.8406608922963889,1.2783924983794255,1.5006632972945824
pooled,6,14,zero_pv,1531,334,0.15589295305503467,0.8896146309601568,0.4169921814478572,1.0650250890327737,0.23655591093057868,0.13141410842586546,0.2821695174870812,0.4830289295780755,0.7441747434883079,0.5794933794148465
pooled,6,15,all,2004,334,0.10891463801662807,0.8637724550898204,0.21050044136477478,0.7529332690552338,0.14973901233367504,0.0008088822355289424,0.2516898655310347,0.3491288176357218,0.0035939903265125614,0.5494364191682279
pooled,6,15,daylight,199,140,0.00342748156635906,0.5628140703517588,0.00791174396803399,0.02671943042970542,0.004345130591702442,0.008145728643216084,0.008145728643216084,0.006374677989688363,0.011405103327438456,0.011405103327438456
pooled,6,15,zero_pv,1805,334,0.12054452396322272,0.8969529085872576,0.23283570495588363,0.8329978418455276,0.16576858710744383,0.0,0.27854043796354205,0.36786524967686124,0.0,0.5789198049570833
pooled,6,16,all,2004,334,0.1084581271852612,0.9101796407185628,0.20893801815448332,0.7493859144753129,0.14904696300700843,0.0,0.2508809832955057,0.3491203175658079,0.0,0.5494246644827092
pooled,6,16,zero_pv,2004,334,0.1084581271852612,0.9101796407185628,0.20893801815448332,0.7493859144753129,0.14904696300700843,0.0,0.2508809832955057,0.3491203175658079,0.0,0.5494246644827092
pooled,6,17,all,2004,334,0.1084581271852612,0.9101796407185628,0.20893801815448332,0.7493859144753129,0.14904696300700843,0.0,0.2508809832955057,0.3491203175658079,0.0,0.5494246644827092
pooled,6,17,zero_pv,2004,334,0.1084581271852612,0.9101796407185628,0.20893801815448332,0.7493859144753129,0.14904696300700843,0.0,0.2508809832955057,0.3491203175658079,0.0,0.5494246644827092
pooled,6,18,all,2004,334,0.1084581271852612,0.9101796407185628,0.20893801815448332,0.7493859144753129,0.14904696300700843,0.0,0.2508809832955057,0.3491203175658079,0.0,0.5494246644827092
pooled,6,18,zero_pv,2004,334,0.1084581271852612,0.9101796407185628,0.20893801815448332,0.7493859144753129,0.14904696300700843,0.0,0.2508809832955057,0.3491203175658079,0.0,0.5494246644827092
pooled,12,0,all,24048,334,52.84230221737059,0.8458915502328676,276.48928797874936,420.62804149863285,72.82671694717426,98.60043487954637,84.1278480549967,139.68715340253087,166.15767162099814,150.81491039695726
pooled,12,0,daylight,13278,334,94.60940736716924,0.8068986293116434,498.4065641327273,753.5509337709822,130.36934307010873,171.409079277125,147.56426742727655,187.5711012744589,220.06633709170097,200.77492167504198
pooled,12,0,zero_pv,10770,334,1.3489296844991494,0.8939647168059425,2.8943397176060244,10.177701332221242,1.884192373328015,8.83690838826989,5.919048015522963,13.889851241697023,44.03436766987302,33.003927414931404
pooled,12,1,all,2004,334,129.63599517276987,0.844311377245509,694.2790619976195,1054.414489499183,179.0030663111903,178.19357015136399,202.49790877412158,239.95974133268936,237.74411917188823,265.7977623463415
pooled,12,1,daylight,2004,334,129.63599517276987,0.844311377245509,694.2790619976195,1054.414489499183,179.0030663111903,178.19357015136399,202.49790877412158,239.95974133268936,237.74411917188823,265.7977623463415
pooled,12,2,all,2004,334,134.13121186164756,0.8398203592814372,715.7681754986922,1055.5463186792379,184.01390616115413,182.108216126081,179.2062822835054,240.6972656346724,234.96230292022847,233.85522389298683
pooled,12,2,daylight,2004,334,134.13121186164756,0.8398203592814372,715.7681754986922,1055.5463186792379,184.01390616115413,182.108216126081,179.2062822835054,240.6972656346724,234.96230292022847,233.85522389298683
pooled,12,3,all,2004,334,125.29274178145668,0.8468063872255489,679.0990767831737,995.2981236519192,172.8374348401765,185.0860449101794,167.32238432105495,225.69192231576446,236.5212260189414,219.53492174721794
pooled,12,3,daylight,2004,334,125.29274178145668,0.8468063872255489,679.0990767831737,995.2981236519192,172.8374348401765,185.0860449101794,167.32238432105495,225.69192231576446,236.5212260189414,219.53492174721794
pooled,12,4,all,2004,334,109.48675961051354,0.8488023952095808,572.7606238321113,855.9084359117354,151.02129907216622,185.6604969893548,149.1380055657044,197.69912636492276,229.88954531463173,194.82901774346365
pooled,12,4,daylight,2004,334,109.48675961051354,0.8488023952095808,572.7606238321113,855.9084359117354,151.02129907216622,185.6604969893548,149.1380055657044,197.69912636492276,229.88954531463173,194.82901774346365
pooled,12,5,all,2004,334,74.42498331136869,0.8413173652694611,393.85351768395384,606.9583882828913,102.49925031870623,181.7124108782435,121.74778594352358,137.95182055642252,210.6972650988234,154.35727165849758
pooled,12,5,daylight,1984,334,75.08707553522684,0.8417338709677419,397.484853318958,612.5172219526615,103.3878783436051,182.22536923723115,122.33185454061466,138.636262911137,211.3468466937168,154.99846881444796
pooled,12,5,zero_pv,20,20,8.745434704636963,0.8,33.625022691536216,55.5220882417258,14.347350248735529,130.8269416666669,63.80818111208741,15.852184729187128,131.13905011311445,64.4131324639076
pooled,12,6,all,2004,334,43.446056644885324,0.781437125748503,200.59115441822638,342.5699414494096,59.97335481130142,174.9307008067199,106.18693652624778,86.36765462062702,210.67263330342672,142.7488623781919
pooled,12,6,daylight,1582,334,51.919262104000104,0.7541087231352718,246.81424024509704,410.73028976581253,71.52008928949587,191.60740694795618,120.13954127189767,94.4602524121037,221.27804127108024,151.38749836903742
pooled,12,6,zero_pv,422,152,11.681575516165868,0.8838862559241706,27.30934925682984,87.04939396943375,16.686781483093664,112.41281190758303,53.88120025227093,44.42383828928606,164.95328715138925,104.17165991019928
pooled,12,7,all,2004,334,17.062946820453046,0.720558882235529,60.14172590245199,132.9189579860961,23.697929494810595,95.26673924650703,82.0206544779955,46.05940724967526,148.33181783076975,131.32252689042897
pooled,12,7,daylight,1024,334,25.2584163414715,0.67578125,101.4744699914549,196.57616387163017,35.22213573366925,142.57159215494798,124.09552778370191,54.24139504343495,184.9740689814124,163.85913285107455
pooled,12,7,zero_pv,980,314,8.499517443388875,0.7673469387755102,16.953225956391893,66.40367346896663,11.65630991461545,45.83799498299324,38.0567052279513,35.5522587135068,96.12964104903482,84.91282188038033
pooled,12,8,all,2004,334,0.1993811692499504,0.8243512974051896,0.5221089588748714,1.3074769217304092,0.28502235522520664,0.24623056387225548,0.4117776657370744,0.5896161899186696,0.8913631419658515,0.8872344231591862
pooled,12,8,daylight,473,268,0.3420143275941272,0.5961945031712473,0.8442839503277229,2.4552628585333527,0.44514887081633464,0.625630549682875,0.8328277708151334,0.8427137346621163,1.2772528172964637,1.5004241003590502
pooled,12,8,zero_pv,1531,334,0.1553148832298358,0.8948399738732854,0.4225735108296728,0.952870293312516,0.2355515244775882,0.12901554539516655,0.28169490956338245,0.48543540112174216,0.7321105526126671,0.5786686557224259
pooled,12,9,all,2004,334,0.10723499921132948,0.8637724550898204,0.21517515872026413,0.6561416840574037,0.14785878903919603,0.0008088822355289424,0.25121693719416005,0.34540382758226085,0.0035939903265125614,0.5486131432543374
pooled,12,9,daylight,199,140,0.0034457977569508,0.5226130653266332,0.00790927841306226,0.025506310297725807,0.004358759416084546,0.008145728643216084,0.008145728643216084,0.006400301816625362,0.011405103327438456,0.011405103327438456
pooled,12,9,zero_pv,1805,334,0.11867768679549641,0.9013850415512465,0.23802607848820498,0.7256687972863098,0.16367956792839222,0.0,0.27801536960503975,0.363940173178927,0.0,0.5780523139715598
pooled,12,10,all,2004,334,0.10677174563028194,0.9131736526946108,0.21361183705729556,0.6527413057779119,0.14716040410735415,0.0,0.2504080549586311,0.34539503075382594,0.0,0.5486013709287801
pooled,12,10,zero_pv,2004,334,0.10677174563028194,0.9131736526946108,0.21361183705729556,0.6527413057779119,0.14716040410735415,0.0,0.2504080549586311,0.34539503075382594,0.0,0.5486013709287801
pooled,12,11,all,2004,334,0.10677174563028194,0.9131736526946108,0.21361183705729556,0.6527413057779119,0.14716040410735415,0.0,0.2504080549586311,0.34539503075382594,0.0,0.5486013709287801
pooled,12,11,zero_pv,2004,334,0.10677174563028194,0.9131736526946108,0.21361183705729556,0.6527413057779119,0.14716040410735415,0.0,0.2504080549586311,0.34539503075382594,0.0,0.5486013709287801
pooled,12,12,all,2004,334,0.10677174563028194,0.9131736526946108,0.21361183705729556,0.6527413057779119,0.14716040410735415,0.0,0.2504080549586311,0.34539503075382594,0.0,0.5486013709287801
pooled,12,12,zero_pv,2004,334,0.10677174563028194,0.9131736526946108,0.21361183705729556,0.6527413057779119,0.14716040410735415,0.0,0.2504080549586311,0.34539503075382594,0.0,0.5486013709287801
pooled,18,0,all,12024,334,2.7292568502408736,0.864105123087159,8.736444588780907,19.228345929096704,3.836523251637896,15.873996141051236,13.86652306066449,17.698181972216517,60.07259407948706,53.096892046604694
pooled,18,0,daylight,1696,334,13.78964172731546,0.6409198113207547,50.79787662913398,99.02465051857334,19.61837383087915,85.9820542305425,74.93377535430783,38.502738047981936,142.33919703921148,125.85893720533146
pooled,18,0,zero_pv,10328,334,0.9129891554772718,0.9007552285050349,1.8293775147647704,6.124692503094325,1.2449257901358497,4.361286369577847,3.838438253342744,11.010045660574988,29.56810492323171,26.096372626537203
pooled,18,1,all,2004,334,15.743501063735716,0.717564870259481,51.06859351031769,111.01336510225492,22.142284590036,94.99512435129742,81.78370424462491,43.34196550201891,147.1444624825955,130.0526266898954
pooled,18,1,daylight,1024,334,22.678818640743632,0.6630859375,83.75202108775345,162.76451881788782,32.28624503343882,142.11634626464857,123.72267989303883,49.54791671878775,183.1819023773033,161.97142249588464
pooled,18,1,zero_pv,980,314,8.49680188122947,0.7744897959183673,16.91774673552766,56.93869019938964,11.5428810246845,45.75825573979593,37.961754179343394,35.723571573543076,95.98388293049983,84.70025573082495
pooled,18,2,all,2004,334,0.20049747131532827,0.8358283433133733,0.5136988744563604,1.4241923109553467,0.28537888187938665,0.24804361277445103,0.4120207360480652,0.5885800902211981,0.8980559137625805,0.8875628213917187
pooled,18,2,daylight,473,268,0.3455171601805465,0.6257928118393234,0.8236453824162803,2.6839838058490733,0.4456173002302896,0.6274934460887949,0.8330608677257245,0.8448516834473543,1.2793086555955568,1.500603207043145
pooled,18,2,zero_pv,1531,334,0.1556938705098104,0.9007184846505552,0.4179413968175347,1.0349817446034628,0.23587347895320956,0.13081319399085564,0.28194106114046674,0.4826333949532086,0.741645642779419,0.5791841330259311
pooled,18,3,all,2004,334,0.10823339619347057,0.8737524950099801,0.2102543084500211,0.7357866456655505,0.14839240655836686,0.0008088822355289424,0.25146000750515096,0.3469469258783944,0.0035939903265125614,0.5491429913638688
pooled,18,3,daylight,199,140,0.003479721809786422,0.5628140703517588,0.007763333008634391,0.02721442118992353,0.004372461913342108,0.008145728643216084,0.008145728643216084,0.00641964416474424,0.011405103327438456,0.011405103327438456
pooled,18,3,zero_pv,1805,334,0.11978241625017587,0.9080332409972299,0.23257879826322667,0.8139062427130019,0.16427050571867705,0.0,0.2782852382494861,0.36556610088210534,0.0,0.5786106182486829
pooled,18,4,all,2004,334,0.10776972340024918,0.9191616766467066,0.20870694648713423,0.7322438385681085,0.1476945437845409,0.0,0.25065112526962197,0.3469382557748659,0.0,0.5491312303972439
pooled,18,4,zero_pv,2004,334,0.10776972340024918,0.9191616766467066,0.20870694648713423,0.7322438385681085,0.1476945437845409,0.0,0.25065112526962197,0.3469382557748659,0.0,0.5491312303972439
pooled,18,5,all,2004,334,0.10776972340024918,0.9191616766467066,0.20870694648713423,0.7322438385681085,0.1476945437845409,0.0,0.25065112526962197,0.3469382557748659,0.0,0.5491312303972439
pooled,18,5,zero_pv,2004,334,0.10776972340024918,0.9191616766467066,0.20870694648713423,0.7322438385681085,0.1476945437845409,0.0,0.25065112526962197,0.3469382557748659,0.0,0.5491312303972439
pooled,18,6,all,2004,334,0.10776972340024918,0.9191616766467066,0.20870694648713423,0.7322438385681085,0.1476945437845409,0.0,0.25065112526962197,0.3469382557748659,0.0,0.5491312303972439
pooled,18,6,zero_pv,2004,334,0.10776972340024918,0.9191616766467066,0.20870694648713423,0.7322438385681085,0.1476945437845409,0.0,0.25065112526962197,0.3469382557748659,0.0,0.5491312303972439
