date,planned_purchase_kwh,emergency_purchase_kwh,planned_plus_emergency_kwh,planned_cost_yuan,emergency_cost_yuan,actual_total_cost_yuan,initial_kwh,terminal_kwh,total_unused_kwh
2025-02-01,61426.7133831949,1.2067009300614018,61427.92008412496,31137.480615187236,4.3801604511231,31141.86077563836,1199.9999999999995,10799.999999999998,12329.744150791632
2025-02-02,94732.81722215752,30.63537018966018,94763.45259234718,60190.72471305715,161.36051818988665,60352.08523124704,10799.999999999998,10800.000000000002,11688.841309013838
2025-02-03,91302.16583691444,114.49489052157867,91416.66072743601,57635.984253920615,402.94405715922045,58038.928311079835,10800.000000000002,10799.999999999998,6515.970491482185
2025-02-04,89538.7009372471,1107.0053287241958,90645.70626597128,56420.095136321645,4582.127893064533,61002.22302938618,10799.999999999998,10799.999999999998,4853.651462978627
2025-02-05,88223.56213138791,713.0887291165491,88936.65086050445,55377.95907530219,2923.6426883082386,58301.60176361043,10799.999999999998,10799.999999999998,3585.164055331551
2025-02-06,88928.73023076818,433.6371596843829,89362.36739045256,55907.489978412916,1833.48730434439,57740.9772827573,10799.999999999998,10800.000000000004,4462.411175835008
2025-02-07,43775.230264637525,180.9063459368121,43956.13661057434,22558.334544735066,980.9137734554315,23539.248318190497,10800.000000000004,10800.000000000007,8261.058958102698
2025-02-08,41715.33804260928,202.95726002114748,41918.295302630424,21583.297689526902,838.3698207312736,22421.667510258176,10800.000000000007,10799.999999999996,6545.346103434519
2025-02-09,85880.84594496846,1141.6509111059656,87022.49685607443,53680.15571454186,4153.028914665377,57833.18462920724,10799.999999999996,10799.999999999995,2859.2480537285346
2025-02-10,86407.781471658,417.69059964663717,86825.47207130464,54231.90970956921,1102.5843125377914,55334.49402210701,10799.999999999995,10800.000000000002,7843.555743930561
2025-02-11,86702.60715043789,253.6539551562835,86956.26110559418,54166.64837397233,1207.2688219890265,55373.91719596136,10800.000000000002,10799.999999999996,7069.303300598381
2025-02-12,84825.94696098028,456.86972886857325,85282.81668984886,52977.67544078191,1845.101977104454,54822.77741788636,10799.999999999996,10800.0,5388.168409571331
2025-02-13,83298.86701169125,587.9747583809657,83886.84177007222,52181.31131299342,1881.705616569554,54063.016929562975,10800.0,10800.0,7973.0481354498
2025-02-14,37835.457083616304,1057.6790195624214,38893.136103178724,19666.689577654688,3493.084734976813,23159.7743126315,10800.0,10800.000000000004,5037.40352216087
2025-02-15,37915.69314978894,562.2361223662774,38477.92927215522,19641.920212554724,2257.4470839217443,21899.367296476466,10800.000000000004,10799.999999999996,5238.05042359529
2025-02-16,80693.19937684177,1601.7525424685316,82294.9519193103,49966.060792363096,6202.041329905249,56168.10212226835,10799.999999999996,10799.999999999996,2507.625080884547
2025-02-17,81643.53322742732,231.71241654378125,81875.24564397111,50521.29852689175,847.7161894885426,51369.01471638029,10799.999999999996,10799.999999999998,6289.71581063777
2025-02-18,80013.96833005804,437.89848407293914,80451.86681413098,49499.065964057736,1743.1653557813906,51242.23131983913,10799.999999999998,10799.999999999993,3957.9191521299913
2025-02-19,80370.10201100989,1000.5891830831076,81370.691194093,49743.16032389166,3531.0017393085827,53274.16206320024,10799.999999999993,10800.000000000004,4089.6971440929915
2025-02-20,79160.88035181892,866.0417519918847,80026.92210381081,49136.65130445923,2888.428488300002,52025.07979275923,10800.000000000004,10800.0,4632.121703810816
2025-02-21,36869.30363669706,264.63185866505796,37133.93549536212,19118.464592056407,815.4850523788368,19933.949644435244,10800.0,10800.000000000002,7520.34012869545
2025-02-22,36565.01755077149,473.7451979498558,37038.76274872135,18880.74494224864,1855.1406205240887,20735.885562772728,10800.000000000002,10800.0,5140.666532054678
2025-02-23,80193.44786053646,594.0561412550112,80787.50400179147,49459.56840259229,2203.2027451434396,51662.77114773573,10800.0,10799.999999999995,4853.983651791466
2025-02-24,78844.42403459974,480.1402830697811,79324.56431766952,48505.7769573854,2229.1805489404123,50734.957506325816,10799.999999999995,10800.0,6700.582885439793
2025-02-25,77911.6276223308,246.035433167603,78157.6630554984,47977.00404424969,809.0013410008729,48786.005385250566,10800.0,10800.0,7911.69553581824
2025-02-26,75804.41172825226,1128.576956075079,76932.98868432734,46701.99093935569,3540.1746591067745,50242.16559846246,10800.0,10799.999999999995,3700.92752688307
2025-02-27,75361.28141664653,644.2252573265937,76005.50667397311,46300.82655335794,3005.6052136229746,49306.43176698092,10799.999999999995,10799.999999999996,4671.529323946125
2025-02-28,35926.805563443,203.41581331851947,36130.22137676152,18526.591892671822,748.5482329945232,19275.140125666345,10799.999999999996,10800.000000000004,8761.21875655011
2025-03-01,35849.01117804542,379.3779555410932,36228.38913358651,18441.23821716707,1812.9551991093406,20254.19341627641,10800.000000000004,10800.000000000002,8487.765472577683
2025-03-02,77725.8545320029,3160.1817218311085,80886.036253834,47780.892519868576,11915.889546957926,59696.782066826505,10800.000000000002,10799.999999999995,4126.062520500675
2025-03-03,75262.56930724558,3339.5622385357647,78602.13154578135,46119.518160301246,13624.299853329641,59743.81801363089,10799.999999999995,10799.999999999998,2158.980260794624
2025-03-04,79027.94930754736,695.4358712061307,79723.3851787535,48887.25250211357,2547.0767567175526,51434.32925883112,10799.999999999998,10799.999999999996,6011.647986140571
2025-03-05,78020.40225277709,334.3608796812456,78354.76313245833,48190.84134644807,1137.101703207549,49327.943049655616,10799.999999999996,10800.000000000005,7735.465999585369
2025-03-06,76010.67210059187,307.28574026845183,76317.95784086031,46952.48913539965,963.6984713825195,47916.18760678217,10800.000000000005,10800.000000000005,5957.589096101649
2025-03-07,34640.12360496648,69.64194814135547,34709.765553107834,17932.067651790538,206.8341598731299,18138.90181166367,10800.000000000005,10800.0,9729.373088373815
2025-03-08,33666.42258021725,329.42365338038894,33995.846233597644,17533.841978269633,1256.3869154306517,18790.228893700285,10800.0,10800.000000000002,10869.152767552549
2025-03-09,76375.98395942152,782.9482538502862,77158.93221327181,46623.96105428008,3517.8733706991197,50141.8344249792,10800.000000000002,10799.999999999996,9420.512192160539
2025-03-10,72474.61930554843,3118.7939372375467,75593.41324278597,44272.28960600537,9088.24271316324,53360.532319168604,10799.999999999996,10799.999999999998,3147.8053797680577
2025-03-11,75277.38828949115,425.1450690806645,75702.53335857182,45823.90243186067,1608.3912779058428,47432.29370976651,10799.999999999998,10800.000000000007,7347.680660686427
2025-03-12,72339.76926999332,458.8473130150639,72798.61658300839,44129.46600153018,1650.7256469961414,45780.19164852632,10800.000000000007,10800.000000000004,6071.800587560131
2025-03-13,71237.61304336503,3976.1877423791743,75213.8007857442,43397.04417246125,13835.161097673737,57232.20527013498,10800.000000000004,10800.000000000005,3403.7495295522103
2025-03-14,32941.47063736509,212.7515827894639,33154.22222015455,16989.68327649436,747.4200404118644,17737.103316906225,10800.000000000005,10800.000000000004,13071.462903487896
2025-03-15,32863.12003893325,457.5935899053189,33320.713628838574,16938.869807874897,1672.919062150295,18611.788870025193,10800.000000000004,10800.000000000005,8343.255145505243
2025-03-16,75008.74890007665,409.59628152273115,75418.34518159938,45564.69369857172,1585.0248761117953,47149.71857468352,10800.000000000005,10800.000000000005,7681.491542406366
2025-03-17,74377.96850921564,154.57761946306215,74532.5461286787,45160.02783239666,763.6635282063284,45923.69136060299,10800.000000000005,10800.000000000002,12406.007226064557
2025-03-18,71410.8313300714,1078.749289755956,72489.58061982736,42976.99612379988,5146.206790984514,48123.20291478439,10800.000000000002,10800.000000000007,7243.457253979926
2025-03-19,71194.8217887946,201.9325988945174,71396.75438768911,43052.75487059467,923.4877377598661,43976.242608354536,10800.000000000007,10800.000000000007,7741.921873728265
2025-03-20,71527.71550916258,656.3184469978979,72184.03395616048,43278.484665563585,2705.910264266529,45984.394929830116,10800.000000000007,10800.000000000005,5800.77469945022
2025-03-21,31808.428523530965,318.5828260373759,32127.01134956834,16248.995750048887,1218.4691195470937,17467.46486959598,10800.000000000005,10799.999999999998,16039.172501167523
2025-03-22,32479.766087170618,166.08202681416694,32645.848113984783,16652.810176321735,509.7864428020764,17162.59661912381,10799.999999999998,10800.000000000004,12711.315047318118
2025-03-23,70096.96350576219,564.8939147883464,70661.85742055054,42506.52473747966,1915.0026097868606,44421.52734726652,10800.000000000004,10800.0,7699.231544769022
2025-03-24,68719.53498704542,648.7553210618645,69368.29030810729,41539.31039259478,2309.5514024636177,43848.8617950584,10800.0,10799.999999999998,7289.41317390915
2025-03-25,67387.02895749599,1469.9990258326113,68857.0279833286,40763.67002107232,5242.171657263463,46005.84167833578,10799.999999999998,10800.000000000004,3756.6837407975017
2025-03-26,67753.45793354872,254.44051634646942,68007.89844989519,40992.878461836655,841.4910363611313,41834.36949819779,10800.000000000004,10800.000000000002,8287.974517406605
2025-03-27,68160.81786091447,737.773944680279,68898.59180559474,41055.59017388137,2870.990562604111,43926.580736485485,10800.000000000002,10800.0,6080.4176649153305
2025-03-28,31581.938101459516,232.7336392404623,31814.671740699978,15982.44788995389,868.940172765985,16851.388062719874,10800.0,10800.000000000004,16610.766961118192
2025-03-29,31731.596489200616,175.6803957438605,31907.276884944476,16027.96455631117,736.5455682364163,16764.510124547585,10800.000000000004,10800.000000000004,19979.67608535423
2025-03-30,66910.47812203038,512.3914949145419,67422.86961694492,40071.97791950323,2169.586580910461,42241.56450041369,10800.000000000004,10800.0,8007.068273081746
2025-03-31,64589.76656725851,1896.722314380394,66486.48888163891,38827.84254390541,7524.367390474159,46352.20993437957,10800.0,10800.000000000004,5471.0367842786
2025-04-01,64476.78316010904,2834.850644699291,67311.63380480833,38586.88192760061,8274.615117424022,46861.49704502463,10800.000000000004,10800.000000000004,3019.1787789197824
2025-04-02,66516.33233881101,2458.357755568105,68974.69009437913,39416.166985398486,11825.979731850228,51242.14671724872,10800.000000000004,10800.000000000007,4433.763306210149
2025-04-03,68065.24824477267,497.9407739051688,68563.18901867783,40448.610242839255,2077.5746089841114,42526.18485182337,10800.000000000007,10800.000000000005,8604.739786843293
2025-04-04,30986.747165086847,148.56617113580097,31135.313336222647,15519.140703898855,525.0514942579159,16044.19219815677,10800.000000000005,10799.999999999998,20319.91569275526
2025-04-05,31060.85433154172,547.4048064912952,31608.259138033016,15603.122583577959,2033.5554680240061,17636.678051601964,10799.999999999998,10800.000000000007,15206.814182460106
2025-04-06,65159.07593170103,194.80000460046685,65353.8759363015,38767.70203215553,791.5869780653094,39559.28901022084,10800.000000000007,10800.0,6826.420958511599
2025-04-07,65252.88969151894,371.05497090155666,65623.9446624205,38823.90055719424,1201.8995853604838,40025.800142554726,10800.0,10800.000000000002,8310.45520259609
2025-04-08,67177.26994562408,743.5766788475734,67920.84662447165,39734.305564404975,3228.036439130177,42962.34200353515,10800.000000000002,10799.999999999996,9467.836910952043
2025-04-09,65424.73224098368,1346.6722729101016,66771.40451389378,38891.01834126697,4768.8705802352815,43659.88892150225,10799.999999999996,10800.00000000001,3538.0816020886514
2025-04-10,63982.91143156063,577.5288862915007,64560.44031785213,38228.96487581329,2550.2429664000456,40779.207842213335,10800.00000000001,10800.000000000005,5975.440225711773
2025-04-11,30274.909333281495,309.36813183240736,30584.277465113904,15022.67767467661,1235.9959861087923,16258.673660785402,10800.000000000005,10800.0,20878.933663805466
2025-04-12,30446.84377666292,136.335913455031,30583.17969011795,15192.486607252878,575.0942365015866,15767.580843754466,10800.0,10799.999999999996,17146.86687886087
2025-04-13,63631.366163799044,490.47794591491925,64121.844109713966,37696.637592749146,2193.743978021196,39890.38157077034,10799.999999999996,10800.000000000002,5768.042284927027
2025-04-14,63355.09587402478,409.99444823732335,63765.090322262105,37473.82551101358,1642.0850455484124,39115.91055656199,10800.000000000002,10799.999999999998,7221.002112485896
2025-04-15,65221.2379862218,128.91242083303587,65350.15040705484,38539.15341499369,574.0020027610165,39113.15541775471,10799.999999999998,10800.000000000004,11086.110493817503
2025-04-16,64556.482810491994,345.3955786970107,64901.878389189005,38057.99484321201,1282.5334458883322,39340.52828910034,10800.000000000004,10800.000000000007,5096.9870846812755
2025-04-17,61144.00316791056,546.6388674169827,61690.64203532754,36489.52928839644,1669.3469370127295,38158.87622540917,10800.000000000007,10800.000000000004,4810.291174201412
2025-04-18,29429.392543872127,120.81463578961109,29550.20717966174,14505.309813397707,361.9860465826674,14867.295859980375,10800.000000000004,10800.0,18581.889111290624
2025-04-19,29272.56003807932,240.80639673657885,29513.366434815896,14430.875606802292,734.0341693269112,15164.909776129203,10800.0,10800.0,18377.79860273414
2025-04-20,62045.25808637048,271.50888419232535,62316.76697056281,36688.75229933449,1178.8159138746867,37867.568213209175,10800.0,10800.000000000004,6380.919758432674
2025-04-21,62178.908174695884,273.46626623863307,62452.374440934516,36553.7561327734,908.5205701365235,37462.27670290993,10800.000000000004,10800.000000000005,9916.229625525379
2025-04-22,61741.489449240245,517.2815698437554,62258.771019084,36468.441095675444,1548.2797408903575,38016.7208365658,10800.000000000005,10799.999999999996,6195.904883297902
2025-04-23,63468.170804461275,258.5769032916801,63726.747707752955,37274.348910034176,881.8054309981563,38156.154341032336,10799.999999999996,10800.000000000005,8378.372879958588
2025-04-24,60004.98136355335,337.1970798374265,60342.178443390774,35650.4964850097,1109.1392791661758,36759.63576417588,10800.000000000005,10800.000000000002,9392.540660455486
2025-04-25,28453.29932330995,145.843911115077,28599.143234425028,13841.286513344425,540.4944933445838,14381.781006689009,10800.000000000002,10800.0,22017.71113278979
2025-04-26,28420.90563966791,344.7842056631185,28765.68984533103,13782.80420514947,1356.2219422676835,15139.026147417153,10800.0,10799.999999999996,24107.793762186062
2025-04-27,58323.374746265035,820.8943002510991,59144.269046516136,34499.77228336781,3282.197465617757,37781.96974898557,10799.999999999996,10800.0,6844.424231757113
2025-04-28,57138.17596235205,5371.911862123043,62510.08782447509,33826.45217329459,20541.65047157539,54368.10264486998,10800.0,10800.0,2069.2752950016093
2025-04-29,62376.4814400492,349.66274258030376,62726.144182629505,36600.251951108716,1491.736926641432,38091.98887775015,10800.0,10799.999999999998,11409.90236442535
2025-04-30,60465.71804174491,226.9559453327792,60692.673987077695,35701.05362520958,808.7150924244543,36509.76871763403,10799.999999999998,10800.000000000004,8717.694797055448
2025-05-01,56614.33936161628,3279.1776665898215,59893.5170282061,33673.191640200945,15287.322016802802,48960.51365700374,10800.000000000004,10800.0,5140.328035741618
2025-05-02,28374.852522549932,2916.8921872693472,31291.74470981928,13825.956663127728,13281.98140950046,27107.93807262819,10800.0,10799.999999999995,12516.857431717293
2025-05-03,29531.01806891735,1172.473758985221,30703.49182790257,14765.789286071358,5953.058635841622,20718.84792191298,10799.999999999995,10800.0,17146.131287823362
2025-05-04,63470.65189428576,881.7073671442367,64352.35926142999,38639.59142561526,2413.6167471986632,41053.208172813924,10800.0,10800.000000000004,8761.826347602757
2025-05-05,63729.60624487442,1268.8068755861714,64998.413120460595,38576.34476532327,5349.863008886955,43926.20777421023,10800.000000000004,10800.000000000002,6182.447917509418
2025-05-06,63590.53913313331,927.5605472444316,64518.09968037774,38704.194226472566,3693.188911664156,42397.38313813672,10800.000000000002,10800.000000000004,7822.716366986564
2025-05-07,65975.92100571729,661.3056227439645,66637.22662846126,39555.01887151881,3183.8189050842184,42738.83777660303,10800.000000000004,10800.0,7623.40266024528
2025-05-08,64266.47003468467,1425.2350200710398,65691.70505475572,39193.56203714628,4856.1446026908825,44049.70663983716,10800.0,10800.0,5857.746395125768
2025-05-09,33540.51659716159,133.66866694442598,33674.18526410602,18480.12522382473,289.71121202755353,18769.83643585228,10800.0,10800.00000000001,20740.771062657223
2025-05-10,32047.194844056903,481.84606298213464,32529.040907039038,17240.336819310804,1534.5559602524213,18774.892779563226,10800.00000000001,10800.0,15944.063798856074
2025-05-11,66243.37276990149,656.7269011474511,66900.09967104894,40186.622608147125,2414.822869893979,42601.4454780411,10800.0,10800.000000000004,7325.388846642901
2025-05-12,66144.54543839602,1173.9429826687065,67318.48842106473,40076.10525029437,3154.6723244113937,43230.77757470577,10800.000000000004,10800.000000000002,11294.681940041777
2025-05-13,64273.01698022458,351.82556363856565,64624.842543863146,38940.39203428706,1062.6574703528897,40003.04950463995,10800.000000000002,10800.0,7645.782825018989
2025-05-14,65080.067578753566,376.7943217621918,65456.86190051576,39241.422126515914,1407.6207974554818,40649.0429239714,10800.0,10800.000000000002,8525.38937507842
2025-05-15,64685.4719933407,515.1748254169183,65200.646818757625,39129.59599515174,1988.8157528042825,41118.41174795602,10800.000000000002,10799.999999999998,8602.61792428775
2025-05-16,30938.827864309424,192.29712279287548,31131.1249871023,16201.327005691926,517.7042870494898,16719.031292741416,10799.999999999998,10800.000000000002,24183.617804451373
2025-05-17,31121.30818738698,441.5746064907273,31562.88279387771,16355.169825179622,1899.3441492132747,18254.513974392896,10800.000000000002,10799.999999999996,16413.792515081994
2025-05-18,64773.8387425238,772.2078026019334,65546.04654512573,39337.88586044943,2224.1051935998557,41561.991054049286,10799.999999999996,10800.000000000004,8194.398155442865
2025-05-19,64221.02604912451,190.22414785735276,64411.25019698187,38532.32589223578,1129.3829526928646,39661.708844928646,10800.000000000004,10799.999999999998,13122.75502602756
2025-05-20,62389.61058999954,1030.9076841462381,63420.518274145776,37691.857991059085,3752.3304669581426,41444.18845801723,10799.999999999998,10800.000000000002,5200.842117374375
2025-05-21,64524.11186224879,410.9989017358326,64935.11076398462,38933.44802214937,1442.9720870863562,40376.420109235725,10800.000000000002,10799.999999999998,9827.20310066985
2025-05-22,63381.976506666586,245.98913209148435,63627.96563875807,38278.0131455025,1109.2311763787961,39387.24432188129,10799.999999999998,10800.000000000002,9187.73267594937
2025-05-23,30389.810857967528,162.0371953713069,30551.848053338836,15901.592582432071,485.5609979164354,16387.153580348506,10800.000000000002,10799.999999999998,19616.943001933694
2025-05-24,31007.843850988782,182.26862021582136,31190.112471204604,16334.738085135836,510.21910169673095,16844.957186832566,10799.999999999998,10799.999999999998,23348.065697425445
2025-05-25,63999.85183925929,164.13071222273803,64163.982551482026,38589.11153491804,696.3244445122444,39285.43597943029,10799.999999999998,10800.000000000005,11942.347801542233
2025-05-26,65035.38044693122,953.2825714171565,65988.66301834838,39125.36362602509,3536.419023930574,42661.78264995567,10800.000000000005,10800.0,7771.280522819089
2025-05-27,61668.65413605411,176.64163280818613,61845.29576886229,37505.35963007317,463.3672927105266,37968.7269227837,10800.0,10800.000000000004,8811.821205054815
2025-05-28,63077.17096868754,452.5472983590057,63529.71826704655,37998.984550175184,1552.3771751335278,39551.361725308714,10800.000000000004,10800.000000000002,7622.615961247463
2025-05-29,62476.59590896505,801.2423280893267,63277.83823705438,37652.361064510056,2923.6191676654694,40575.98023217553,10800.000000000002,10800.000000000002,5447.696199017684
2025-05-30,30200.784009051713,451.4084515325357,30652.192460584247,15664.61785382698,1616.4653490839091,17281.08320291089,10800.000000000002,10800.000000000002,19577.85007656196
2025-05-31,29996.63378192119,508.99790398163543,30505.631685902827,15455.095862723447,1573.6572699092826,17028.75313263273,10800.000000000002,10800.00000000001,17439.896179228144
2025-06-01,63965.017025037705,11893.017449181694,75858.0344742194,38329.739776541144,46611.91790298836,84941.65767952951,10800.00000000001,10800.000000000002,842.9876857675974
2025-06-02,76537.39794879522,3819.68808984727,80357.08603864249,46724.026714405845,16210.885214606402,62934.91192901225,10800.000000000002,10799.999999999998,7625.847213459889
2025-06-03,80219.19951820392,670.2815158977708,80889.4810341017,49410.070917447105,2900.953753011605,52311.02467045871,10799.999999999998,10800.000000000002,8470.248274689326
2025-06-04,80066.62091988107,880.2808812783082,80946.90180115937,49820.285555138136,2734.7936851431054,52555.079240281244,10800.000000000002,10800.000000000002,7020.702221186886
2025-06-05,80286.80671750111,1159.2751160471034,81446.08183354822,49655.590187767186,4910.348949301257,54565.939137068446,10800.000000000002,10800.0,6030.762686244376
2025-06-06,38172.65866883329,4025.985861458992,42198.64453029228,20333.569789738893,16694.754617137845,37028.32440687674,10800.0,10799.999999999998,8002.960453447178
2025-06-07,43774.521725012135,358.09535440882416,44132.61707942096,24408.14630246398,1533.9208112848644,25942.067113748846,10799.999999999998,10800.000000000002,9843.985676202301
2025-06-08,90528.09531581661,83.92088726483439,90612.01620308144,57417.26321399656,318.6519662681576,57735.91518026472,10800.000000000002,10800.000000000002,20708.759603081453
2025-06-09,83452.26174739597,674.8608265911214,84127.12257398709,52036.83894108361,2564.3228635095174,54601.161804593125,10800.000000000002,10800.000000000002,8887.136613979432
2025-06-10,83396.69328045199,544.2411276999896,83940.93440815198,52350.082499266304,2008.575725974511,54358.65822524081,10800.000000000002,10800.0,7992.42442073626
2025-06-11,85354.98263133323,1620.326570170551,86975.30920150378,53638.51972777936,7293.704679182411,60932.224406961774,10800.0,10800.0,6431.634204785849
2025-06-12,88640.94074532946,110.73872182578702,88751.67946715525,56248.65248966543,352.8736562967566,56601.52614596218,10800.0,10800.000000000004,11580.954700488583
2025-06-13,46916.01990144583,234.0058803179418,47150.02578176377,27149.61064723952,1038.8563901869811,28188.4670374265,10800.000000000004,10800.0,15299.967368369129
2025-06-14,44132.88874073432,152.47475934558895,44285.36350007991,25261.837407022205,502.3920741098963,25764.2294811321,10800.0,10800.0,14653.594055325428
2025-06-15,85340.35966961662,80.66319949528139,85421.0228691119,53824.308987962184,229.26566917649728,54053.574657138684,10800.0,10800.000000000002,10270.57350945687
2025-06-16,86232.81761012829,346.28460048993463,86579.10221061822,54543.81182617834,1058.9834434619652,55602.7952696403,10800.000000000002,10799.999999999996,9263.469516246098
2025-06-17,86065.0545214619,1379.2704772880684,87444.32499874997,54382.29947599309,4990.326915415515,59372.6263914086,10799.999999999996,10800.000000000004,8172.386772840882
2025-06-18,85592.59951328221,213.89350745361781,85806.49302073583,53894.65737438714,516.4092504036767,54411.066624790816,10800.000000000004,10800.0,10262.482737343562
2025-06-19,85566.7828045616,226.44804921979608,85793.2308537814,54008.56127057977,1096.9880544470236,55105.54932502679,10800.0,10800.0,12923.93396242131
2025-06-20,41178.782061578895,59.633732380856145,41238.41579395975,23530.971751597037,130.00355436444426,23660.97530596148,10800.0,10800.000000000005,15178.616387240418
2025-06-21,40689.246387870255,132.9765520628978,40822.222939933155,22920.252173771052,483.30185488592076,23403.554028656974,10800.000000000005,10800.000000000002,17855.239103221797
2025-06-22,81595.96090830652,621.9362014672101,82217.89710977372,51108.212506617245,2474.6035342055266,53582.81604082277,10800.000000000002,10799.999999999998,10456.627343691855
2025-06-23,81911.57386211894,138.63359464415376,82050.20745676309,51180.33019989227,536.9337271727856,51717.263927065054,10799.999999999998,10800.000000000007,10628.074587775642
2025-06-24,80997.41370852187,2963.630447986036,83961.04415650791,50526.51800403876,11743.901668909068,62270.41967294783,10800.000000000007,10800.000000000002,3329.474511965288
2025-06-25,83516.18613958609,809.5456073304775,84325.73174691657,52259.84006854609,2598.491135646111,54858.331204192196,10800.000000000002,10800.0,9404.906449491078
2025-06-26,82752.3039662193,192.18455068504983,82944.48851690436,51903.836840110125,791.3988797125556,52695.23571982268,10800.0,10800.0,10886.010606001946
2025-06-27,38032.44138796031,109.5011060523002,38141.94249401261,21506.63583909218,352.60730461839796,21859.24314371058,10800.0,10800.000000000005,14497.680429218131
2025-06-28,38035.75860456421,387.4993203877267,38423.25792495193,20998.319281968317,1322.3298936371798,22320.649175605497,10800.000000000005,10800.0,12876.513793032995
2025-06-29,79974.33535809153,1307.8141101117412,81282.14946820326,49868.15439826822,3930.26558616705,53798.41998443527,10800.0,10800.000000000004,7628.061741385501
2025-06-30,80247.22366002027,1121.2544152887535,81368.47807530903,50140.96461366941,3854.9054256070795,53995.87003927649,10800.000000000004,10800.000000000002,7104.0476051389705
2025-07-01,81764.69207447194,6566.989507404233,88331.68158187617,50757.360446639716,22964.593385420776,73721.95383206049,10800.000000000002,10799.999999999996,5078.164683639665
2025-07-02,91233.26587559292,391.31181159794596,91624.57768719086,57849.92352467233,1444.9943194806333,59294.917844152966,10799.999999999996,10799.999999999996,14192.035007162694
2025-07-03,87342.99378180655,2109.785098238859,89452.77888004541,54862.24710073283,9209.5484638895,64071.79556462233,10799.999999999996,10800.000000000007,5460.1750961208145
2025-07-04,40881.63438452127,4905.3127332445865,45786.947117765856,24855.158713523466,13273.12594304659,38128.28465657006,10800.000000000007,10800.000000000004,13093.273724261624
2025-07-05,45332.15873193277,767.3362415680607,46099.49497350083,26217.591370809394,3239.873633678654,29457.465004488047,10800.000000000004,10800.000000000004,13218.826839887615
2025-07-06,87159.63815798354,3591.794348073605,90751.43250605714,56510.662698083295,15031.484704318715,71542.14740240201,10800.000000000004,10799.999999999998,6699.3680837638385
2025-07-07,88358.06643792352,434.2678274180898,88792.33426534162,55824.410694768136,1526.1465762876414,57350.557271055775,10799.999999999998,10800.000000000002,11069.357578259525
2025-07-08,92605.03975980857,1383.1841813936517,93988.22394120222,59917.50386230791,6172.8754516031495,66090.37931391106,10800.000000000002,10800.000000000004,14207.590121087473
2025-07-09,85440.6133246047,621.8269675025871,86062.44029210728,53750.77135800843,2434.9897476422825,56185.761105650716,10800.000000000004,10799.999999999996,7720.64617398647
2025-07-10,86062.67275261543,452.51547991086903,86515.1882325263,54107.969794565106,1836.4271413596293,55944.396935924735,10799.999999999996,10800.000000000002,9402.185498855222
2025-07-11,53378.02877305976,347.13403073768086,53725.162803797444,31272.75092612193,1294.329588887639,32567.08051500957,10800.000000000002,10800.0,17130.59013320245
2025-07-12,50754.16533776531,187.14241610209328,50941.307753867404,29330.74839984162,739.5563080270554,30070.304707868676,10800.0,10800.000000000004,15803.731087200742
2025-07-13,86067.50221953302,260.4566739833237,86327.95889351635,54178.53047372689,1120.0236778679719,55298.55415159486,10800.000000000004,10799.999999999998,12816.905160183023
2025-07-14,84345.92466075148,427.3727646866862,84773.29742543817,53022.64547576895,1971.2615942408488,54993.9070700098,10799.999999999998,10800.000000000004,8733.872484872183
2025-07-15,84883.10407792077,649.6262524758295,85532.7303303966,53163.99599025202,2269.992092299456,55433.98808255148,10800.000000000004,10800.0,8629.702446972935
2025-07-16,82959.16308229898,1294.8525433198524,84254.01562561883,52060.70651802355,4723.087230646232,56783.793748669785,10800.0,10799.999999999995,7974.9859112887025
2025-07-17,84728.80241380219,1294.4556730405686,86023.25808684276,52935.8853601915,5717.423374745297,58653.3087349368,10799.999999999995,10800.000000000005,9182.538657757954
2025-07-18,47372.211327949946,366.21023310581745,47738.421561055766,27767.495437514153,1240.026095080502,29007.521532594656,10800.000000000005,10800.0,12313.104986464845
2025-07-19,45656.988204704576,280.6297723055432,45937.61797701012,26562.52114320783,1136.8757109001217,27699.396854107952,10800.0,10800.000000000002,14701.01097625161
2025-07-20,84778.30848274185,431.4106936947187,85209.71917643657,53311.121097270545,1560.877523215116,54871.99862048566,10800.000000000002,10800.000000000005,8962.93446145941
2025-07-21,84213.71885426453,868.4514679012696,85082.1703221658,52898.30248346577,3313.6966065702436,56211.99909003601,10800.000000000005,10800.000000000004,6891.03072435944
2025-07-22,84208.59863625915,886.6561258632061,85095.25476212235,52876.640150371124,3530.0750430209755,56406.7151933921,10800.000000000004,10800.0,7131.675744345332
2025-07-23,84095.06786505747,764.1165776761272,84859.1844427336,52787.61578534306,3191.2266052241553,55978.84239056722,10800.0,10800.000000000005,6435.183071900368
2025-07-24,85540.84012455333,793.091480535586,86333.93160508892,53929.82120967224,3376.3892690163866,57306.21047868863,10800.000000000005,10800.000000000005,8484.992300480157
2025-07-25,45673.06855426065,160.32984366506355,45833.39839792572,26780.699220252565,589.2935494642682,27369.992769716835,10800.000000000005,10800.0,15255.371489088178
2025-07-26,45692.213332342115,341.1241851884695,46033.337517530585,26825.267997480023,944.1474513057203,27769.415448785745,10800.0,10799.999999999998,13490.741681608162
2025-07-27,83784.14671683841,993.8113360590133,84777.95805289742,52852.24257699079,4092.9492562774158,56945.19183326821,10799.999999999998,10800.000000000005,6814.146976875399
2025-07-28,85224.1883363069,1858.1599830301902,87082.34831933709,53675.90045175003,6367.769542353373,60043.6699941034,10800.000000000005,10799.999999999993,4844.072711881903
2025-07-29,85734.36666844014,1408.159750563646,87142.52641900379,54078.079915676586,4772.235740452457,58850.315656129045,10799.999999999993,10799.999999999995,6808.285573873371
2025-07-30,85423.98302652266,534.4895843678017,85958.47261089046,53697.17305650409,2305.9940637746327,56003.167120278726,10799.999999999995,10800.000000000002,7607.948452927369
2025-07-31,86045.61402304775,348.3397524711116,86393.95377551886,54256.570650473914,1411.6829704508964,55668.25362092481,10800.000000000002,10800.000000000002,7448.122908774853
2025-08-01,45364.66798619297,226.70970778035456,45591.37769397333,26438.124138732164,786.8208918054188,27224.945030537583,10800.000000000002,10800.000000000007,20286.68469397333
2025-08-02,44522.551642953695,212.52282371724542,44735.07446667094,26027.395370420447,599.6011488614436,26626.99651928189,10800.000000000007,10799.999999999995,19682.45874283614
2025-08-03,80466.74971393569,508.72953865684156,80975.47925259253,50656.413505606746,2150.0313191975406,52806.44482480429,10799.999999999995,10800.000000000004,13914.30240955521
2025-08-04,77247.01605972098,283.5287027470166,77530.544762468,48795.175888662256,843.3057586929516,49638.481647355205,10800.000000000004,10800.000000000005,8099.0703817000895
2025-08-05,76149.70546791397,444.5037991152555,76594.20926702922,48127.24751582954,1594.0820660388986,49721.32958186844,10800.000000000005,10800.000000000002,7520.352327502067
2025-08-06,76371.49820523342,2117.1216518470633,78488.61985708048,48086.06609494885,8892.389898291349,56978.455993240204,10800.000000000002,10800.000000000004,6490.337355829901
2025-08-07,77514.32823057951,728.3628544720227,78242.69108505154,48819.118742375475,2342.0031623965438,51161.121904772015,10800.000000000004,10800.000000000004,10875.011845500736
2025-08-08,42421.08396247179,383.8315016378993,42804.91546410969,24562.726622712107,1410.3295752281851,25973.056197940292,10800.000000000004,10800.000000000002,22403.585386543178
2025-08-09,42417.96364038337,595.9601856020778,43013.92382598545,24502.27332000025,2240.4122519142593,26742.68557191451,10800.000000000002,10799.999999999998,19256.768488536894
2025-08-10,73288.35861209266,1539.538981508053,74827.89759360072,46436.12053260744,5521.173952647281,51957.29448525472,10799.999999999998,10800.000000000005,5695.737511767083
2025-08-11,76610.07765671963,578.2906637227062,77188.36832044234,48124.755108379846,2347.5440644624305,50472.29917284228,10800.000000000005,10800.000000000002,8750.768322567379
2025-08-12,76567.90308005622,1213.266543705421,77781.16962376164,48041.57926218052,4954.4597173844595,52996.03897956498,10800.000000000002,10800.000000000002,6041.189820360735
2025-08-13,77522.29135745182,605.7696014008943,78128.06095885271,48696.47501799671,2318.000526869311,51014.47554486602,10800.000000000002,10800.000000000004,8057.497703261384
2025-08-14,74862.46671747934,1159.4621594641653,76021.92887694351,47131.71845118612,4851.155404304873,51982.873855490994,10800.000000000004,10800.0,6124.296890868047
2025-08-15,42538.873460860676,374.8603250523108,42913.733785912984,24705.364039298096,1329.147112917816,26034.511152215913,10800.0,10800.0,21278.4546327539
2025-08-16,42357.056571205416,366.33460420835047,42723.391175413766,24557.91865079952,1637.289288887763,26195.20793968728,10800.0,10800.000000000002,21160.867632380818
2025-08-17,74571.83876476905,733.9793035522783,75305.81806832133,47271.20230015118,2875.101352123498,50146.30365227468,10800.000000000002,10800.000000000007,8363.583570863379
2025-08-18,75530.39846530084,687.5409301072305,76217.93939540807,47566.83308181375,2613.428585460805,50180.26166727455,10800.000000000007,10799.999999999996,7809.795220381055
2025-08-19,77420.59363733346,542.0295287008842,77962.62316603433,48702.931201421336,2351.110195231159,51054.041396652494,10799.999999999996,10800.0,9602.584253077806
2025-08-20,76340.73591619477,2465.5202299699345,78806.2561461647,48009.083529871685,10099.819934551639,58108.903464423325,10800.0,10800.0,4212.695983538586
2025-08-21,76577.3546460836,909.9717902054205,77487.32643628902,48465.14466447345,3369.510653448968,51834.65531792242,10800.0,10800.000000000005,7503.571325339705
2025-08-22,43117.49630501204,778.2632576359995,43895.75956264804,24952.605320074705,3204.527124840536,28157.13244491524,10800.000000000005,10800.000000000005,18040.051908966627
2025-08-23,43097.42718265702,427.39273182609224,43524.81991448311,25009.164014150636,1560.4301206069945,26569.59413475763,10800.000000000005,10800.000000000004,16318.314307997913
2025-08-24,77735.14178037815,618.6265412656553,78353.7683216438,49018.18521829673,2606.1126626201312,51624.297880916856,10800.000000000004,10799.999999999998,10473.005010031477
2025-08-25,77719.17075875978,2310.8704361258224,80030.0411948856,49272.10440970649,7800.749559916358,57072.85396962285,10799.999999999998,10799.999999999998,5036.698500995396
2025-08-26,80295.28124978949,208.624793376517,80503.906043166,50626.703832065665,889.0894913304735,51515.79332339614,10799.999999999998,10800.0,10721.157564708497
2025-08-27,79951.91825937603,174.58320436430816,80126.50146374034,50493.14033340625,702.8328256854268,51195.97315909168,10800.0,10799.999999999996,8023.923509003649
2025-08-28,78814.75737860485,2910.458753180171,81725.21613178501,50033.32683447824,10747.637315437762,60780.964149916006,10799.999999999996,10800.000000000002,6683.499044741248
2025-08-29,44480.86649452148,210.37060706853578,44691.23710159001,26120.00295475035,1013.9975045121923,27134.000459262545,10800.000000000002,10800.000000000004,17676.44415322754
2025-08-30,44274.865987883255,337.7035144149353,44612.56950229819,25970.11528515677,864.689997097955,26834.805282254725,10800.000000000004,10799.999999999998,21790.322348598216
2025-08-31,78285.31459047974,485.88991304159583,78771.20450352134,49751.22249153843,1389.7450906222898,51140.967582160716,10799.999999999998,10799.999999999998,7919.720766459222
2025-09-01,78968.43712162849,378.88049214245893,79347.31761377095,50218.19832626321,949.2899477085786,51167.488273971794,10799.999999999998,10800.000000000002,21580.295170868463
2025-09-02,67960.51013058033,235.8172609615422,68196.32739154187,41720.27557017941,1012.7524398947658,42733.02801007417,10800.000000000002,10800.000000000005,10074.36355718844
2025-09-03,66698.14062737866,875.4816364559013,67573.62226383456,41042.50436743369,3549.734387298259,44592.23875473195,10800.000000000005,10800.0,7912.556149441332
2025-09-04,66049.80940212202,803.3371077175818,66853.1465098396,40604.491468770124,3832.266616512986,44436.75808528311,10800.0,10799.999999999993,8899.4949191563
2025-09-05,43138.15469175151,0.0,43138.15469175151,24976.594868475226,0.0,24976.594868475226,10799.999999999993,10800.0,31400.22076872769
2025-09-06,34907.791734896215,513.7325409667608,35421.524275862976,19183.35768754727,2316.2755195066766,21499.63320705395,10800.0,10799.999999999998,22803.859842994872
2025-09-07,60889.62947850577,2644.593934058641,63534.22341256441,37825.959474617426,8404.001196268531,46229.96067088596,10799.999999999998,10800.000000000002,4531.966652221157
2025-09-08,57435.44476777331,8923.701713338529,66359.14648111183,35116.09291119649,31021.37664454554,66137.46955574202,10800.000000000002,10800.000000000005,2907.773180412919
2025-09-09,66240.18905558986,850.2290707119112,67090.41812630177,40588.1042822418,4352.421983086755,44940.52626532856,10800.000000000005,10800.000000000005,9888.459556457967
2025-09-10,66617.79537501455,2504.49774028076,69122.29311529531,40872.19610275874,10788.561855285207,51660.75795804395,10800.000000000005,10800.000000000004,3692.1423756722706
2025-09-11,68126.7518937793,631.5986076190618,68758.35050139837,42110.82828942957,2526.2239230910473,44637.05221252062,10800.000000000004,10800.0,11131.235496469402
2025-09-12,34639.10009326842,407.67460571903075,35046.77469898745,18658.793733972718,1933.1523797274572,20591.946113700174,10800.0,10800.000000000005,18981.732649754453
2025-09-13,35258.79797500202,357.09366086860314,35615.89163587062,19293.98438863831,1370.8822990019025,20664.866687640213,10800.000000000005,10800.0,23517.63418210328
2025-09-14,63065.56579047121,5368.888214564686,68434.45400503589,39589.47984715995,15685.188625781426,55274.668472941376,10800.0,10799.999999999996,4215.550422511277
2025-09-15,69952.78155954018,254.7041285134767,70207.48568805365,43404.8537999544,988.9959244394865,44393.849724393884,10799.999999999996,10799.999999999998,11038.166592084006
2025-09-16,70608.62112221366,706.2472239957713,71314.86834620943,43916.09777663238,2203.504387965574,46119.60216459795,10799.999999999998,10800.000000000004,7685.600653241927
2025-09-17,70242.9933787386,837.6259659433622,71080.61934468195,43689.753179016894,2947.764956222072,46637.51813523896,10800.000000000004,10800.000000000005,6933.043632660402
2025-09-18,70046.9049229335,354.64499234435186,70401.54991527786,43740.81904344806,1369.178005965465,45109.99704941352,10800.000000000005,10800.000000000002,7331.9250381192205
2025-09-19,36507.04200654723,295.85358118747433,36802.8955877347,20141.221985967928,925.177515652839,21066.399501620766,10800.000000000002,10800.0,16512.901827498987
2025-09-20,36455.748617858204,310.3811001952489,36766.12971805345,20074.050551847977,1128.4840550104427,21202.53460685842,10800.0,10799.999999999998,16727.020937298763
2025-09-21,71702.06242422428,656.119263423183,72358.18168764746,44906.63732306134,1860.1545522986114,46766.79187535995,10799.999999999998,10800.000000000007,9923.685382070855
2025-09-22,71408.22112864602,478.1984556710425,71886.41958431706,44606.668349390646,1544.6428936346313,46151.31124302528,10800.000000000007,10800.0,7165.513147616942
2025-09-23,72187.0234951974,476.44472346985333,72663.46821866726,45196.700992822545,2085.524621138654,47282.2256139612,10800.0,10800.000000000002,6445.154989804757
2025-09-24,73246.28277636897,415.56256473546796,73661.84534110443,45900.445532788515,1210.7863142720553,47111.23184706057,10800.000000000002,10800.000000000004,8429.104820737837
2025-09-25,72989.47620868139,415.57202479133394,73405.04823347271,45800.930695924995,1409.989586191139,47210.92028211613,10800.000000000004,10800.000000000002,8935.185201750093
2025-09-26,37113.620130325275,150.62116651326744,37264.24129683854,20478.147481674227,724.3835722230891,21202.531053897317,10800.000000000002,10800.000000000004,15415.337897579173
2025-09-27,36752.14008130329,479.6561964443764,37231.796277747664,20301.70064007899,1767.8984158432454,22069.599055922237,10800.000000000004,10799.999999999996,15306.363557329587
2025-09-28,74596.34936145693,372.4358135820687,74968.785175039,46519.49494023467,1599.0633992497997,48118.558339484465,10799.999999999996,10800.0,7311.15756882125
2025-09-29,75297.2077893794,244.90756631050468,75542.11535568991,47096.51735178314,1140.414019827567,48236.931371610706,10800.0,10800.0,8599.019173124874
2025-09-30,76093.58738821896,370.05330421998497,76463.64069243894,47696.627424347804,1608.096090459284,49304.72351480709,10800.0,10800.000000000005,6862.152063662286
2025-10-01,76439.7549511951,15.643204061272172,76455.39815525636,47886.28704260102,36.32966919253437,47922.616711793555,10800.000000000005,10800.000000000007,22558.212639865727
2025-10-02,69444.01467326506,325.0043175077494,69769.0189907728,42904.080263202486,1249.8646856987316,44153.94494890122,10800.000000000007,10799.999999999998,13827.92996830263
2025-10-03,36708.91253559588,2.1282790417254773,36711.04081463761,20139.21548698283,4.65880282233707,20143.874289805168,10799.999999999998,10800.0,24366.678782809795
2025-10-04,34553.85867075104,238.40613901098777,34792.264809762026,18366.553325229208,964.3312920987366,19330.884617327945,10800.0,10800.000000000005,16932.699673127092
2025-10-05,68087.76237816943,247.68584339606377,68335.44822156549,41124.09159318046,1034.073487760837,42158.1650809413,10800.000000000005,10800.000000000004,9515.952057128252
2025-10-06,65463.65267258484,739.6839113860776,66203.33658397091,39998.758155023395,2244.4600627207183,42243.218217744114,10800.000000000004,10799.999999999998,4392.17863018904
2025-10-07,64362.42083669438,928.0242432197682,65290.44507991415,39462.87026114035,3803.5985029995595,43266.46876413991,10799.999999999998,10800.0,3442.141753284337
2025-10-08,64525.461225441744,979.0804329168425,65504.54165835859,38775.97065148559,4768.276151390106,43544.2468028757,10800.0,10800.000000000002,4957.642308049248
2025-10-09,65666.19666037532,474.4720971994808,66140.66875757481,39831.657427605576,2421.111117838771,42252.76854544435,10800.000000000002,10800.000000000004,6327.353740908138
2025-10-10,33839.67677930849,223.15221020949053,34062.82898951798,17663.034130873755,730.5178285435354,18393.55195941729,10800.000000000004,10800.0,19773.124409524953
2025-10-11,34642.50347605739,105.90133817681505,34748.40481423421,18064.935736973734,422.15717572369766,18487.09291269743,10800.0,10800.000000000002,15857.726371952123
2025-10-12,67652.68945464541,642.8640803879683,68295.55353503338,41443.21807200306,2501.245629135544,43944.4637011386,10800.000000000002,10799.999999999998,5713.321497224135
2025-10-13,68314.98434385596,203.5113625206493,68518.4957063766,41960.986172749144,721.6169103951213,42682.60308314426,10799.999999999998,10800.0,7411.365287491391
2025-10-14,68985.50620320477,470.62855826984014,69456.13476147462,42265.95531979967,1739.8086045354044,44005.76392433508,10800.0,10800.0,4598.169975350115
2025-10-15,68821.03969372678,1041.2466435340054,69862.28633726078,42285.2027600982,4454.888637574168,46740.09139767237,10800.0,10800.000000000004,3863.985184522563
2025-10-16,69291.99933438555,1492.3238861334314,70784.32322051897,42839.923810549764,5794.746073312699,48634.669883862465,10800.000000000004,10800.0,3704.7269834200115
2025-10-17,34828.409231740894,77.65566364575957,34906.064895386655,18299.83337624315,331.2432408093964,18631.076617052546,10800.0,10799.999999999996,14383.259979992616
2025-10-18,35060.688698815444,262.0045604569053,35322.693259272346,18485.718199432835,854.9162406002832,19340.634440033118,10799.999999999996,10800.000000000004,14739.7036322642
2025-10-19,72607.87612402372,786.4537590731461,73394.32988309687,44676.214380607635,2969.6247943184617,47645.8391749261,10800.000000000004,10799.999999999998,5230.854637958427
2025-10-20,73267.53064839068,621.3722200856397,73888.90286847632,45417.12654332526,2748.629651513279,48165.75619483854,10799.999999999998,10799.999999999998,5138.879943033978
2025-10-21,74187.23658997598,1017.7341860842987,75204.97077606028,45957.97952939483,2632.3636047457057,48590.34313414053,10799.999999999998,10799.999999999996,4347.001673606384
2025-10-22,74147.22835260927,1127.4470555753867,75274.67540818464,45758.430838385866,5279.834933208915,51038.26577159478,10799.999999999996,10800.000000000005,5346.257477463483
2025-10-23,75265.11107987464,373.022072562469,75638.1331524371,46756.79159536672,1006.2803622360805,47763.0719576028,10800.000000000005,10800.000000000004,7846.181102641848
2025-10-24,35294.54945764216,297.0884282519106,35591.63788589407,18540.851099613872,1140.4596879614724,19681.310787575345,10800.000000000004,10799.999999999998,13004.304233596245
2025-10-25,35656.280695398236,198.2754834238812,35854.55617882212,18791.933571413872,605.0066587226638,19396.940230136537,10799.999999999998,10800.0,12241.525475220798
2025-10-26,76500.75806556483,171.7472010869322,76672.50526665177,47596.54401256407,546.7560651446363,48143.3000777087,10800.0,10799.999999999998,7698.109487774644
2025-10-27,76847.23477977955,352.3523931874585,77199.587172967,47821.97541891635,1330.7481009336602,49152.72351985001,10799.999999999998,10799.999999999998,9221.65759802362
2025-10-28,75291.93172754979,413.11030206709165,75705.04202961687,46803.2386518719,1394.1011746826362,48197.33982655453,10799.999999999998,10800.000000000004,5247.02104636152
2025-10-29,75675.40737667023,1609.9669638007063,77285.37434047094,47037.50488157911,5223.5601100686035,52261.06499164771,10800.000000000004,10800.0,3513.7733770734344
2025-10-30,78803.76285973814,227.37461310105508,79031.1374728392,49349.89544932282,869.550742007637,50219.44619133046,10800.0,10800.000000000004,9796.600571615418
2025-10-31,36298.91913050816,152.182196403428,36451.101326911594,19251.650842874988,595.3173251444609,19846.968168019448,10800.000000000004,10800.0,8396.692284756444
2025-11-01,36633.6024144629,210.93030155955574,36844.532716022455,19478.981870626063,524.229734469478,20003.21160509554,10800.0,10800.000000000005,10243.318895197788
2025-11-02,79221.53453082686,241.8296891362204,79463.36421996308,49540.56723257535,889.969952732227,50430.53718530758,10800.000000000005,10800.000000000002,6236.179349685471
2025-11-03,79606.2890341738,712.5410210653597,80318.83005523916,50086.425553532856,1693.0515305894285,51779.477084122285,10800.000000000002,10800.000000000004,6362.35135927099
2025-11-04,81093.93907573857,313.76209484140577,81407.70117057998,50641.277284487005,1106.538039682316,51747.81532416932,10800.000000000004,10800.0,9418.262380862658
2025-11-05,80049.69495344268,211.6868338671211,80261.3817873098,50051.16490335303,689.6157021997599,50740.78060555278,10800.0,10799.999999999998,6155.523429979492
2025-11-06,79667.98051499439,735.8597058378701,80403.84022083225,49744.47184672653,3219.69652622129,52964.16837294782,10799.999999999998,10800.0,4618.81334616783
2025-11-07,36812.56412531869,305.3211184780381,37117.88524379673,19560.12739731479,1353.1802186961959,20913.307616010985,10800.0,10800.0,9746.09012713006
2025-11-08,36844.97726148236,148.1161262666315,36993.09338774899,19433.394341512467,517.0125382186535,19950.40687973112,10800.0,10799.999999999998,9142.815965302652
2025-11-09,80423.61464795412,501.13973940875553,80924.75438736287,50325.58989792032,1990.032088475937,52315.621986396254,10799.999999999998,10800.0,5175.968435938414
2025-11-10,80797.95906047842,604.1460285314052,81402.10508900983,50549.60521798809,2285.319329529556,52834.92454751765,10800.0,10800.000000000002,3128.380357543635
2025-11-11,82091.2276081449,162.43496824210604,82253.662576387,51496.25901942508,576.4843091975831,52072.743328622666,10800.000000000002,10800.000000000004,6282.494769822597
2025-11-12,82093.57784021448,208.9937933290003,82302.57163354348,51491.822085312466,966.5497774133639,52458.37186272583,10800.000000000004,10800.0,6942.2904991368405
2025-11-13,81613.83915171905,644.4197939447007,82258.25894566375,51396.177539393364,2416.643669340172,53812.821208733534,10800.0,10800.000000000004,5398.438099345443
2025-11-14,37466.458997647016,173.66979812509405,37640.12879577211,19899.303874165664,558.9855104616174,20458.289384627282,10800.000000000004,10800.000000000002,5988.340162438775
2025-11-15,38213.143095846535,216.0532601372459,38429.19635598378,20129.297286662215,775.1136622257613,20904.410948887977,10800.000000000002,10799.999999999998,6377.650580872322
2025-11-16,83351.05234839779,560.0357521937832,83911.08810059157,52515.55916495813,1973.7149180271438,54489.27408298528,10799.999999999998,10800.000000000002,4963.068050537862
2025-11-17,83804.5721704046,230.15374607911718,84034.72591648372,52767.43092876093,594.9527642275605,53362.383692988486,10800.000000000002,10799.999999999998,6763.254832703592
2025-11-18,83467.26385503677,532.4221416364087,83999.68599667317,52566.66268548266,1896.0306843721087,54462.69336985477,10799.999999999998,10800.0,4548.121958602538
2025-11-19,84018.6532339298,411.1230315319031,84429.7762654617,52868.77342478698,1566.9210641368059,54435.694488923786,10800.0,10800.0,4527.621586425648
2025-11-20,84407.16582853446,401.57001846072365,84808.73584699519,53274.51145981859,1354.634236940551,54629.145696759144,10800.0,10800.0,5373.631093661258
2025-11-21,39245.64263172117,312.6352324419066,39558.27786416308,20851.43311166756,860.7210258920372,21712.1541375596,10800.0,10800.000000000011,6876.871861951774
2025-11-22,39753.38524056139,312.14342659967804,40065.52866716107,20921.845460430108,995.2925182016114,21917.13797863172,10800.000000000011,10799.999999999998,6133.104247562736
2025-11-23,85267.99167984742,521.5569466563305,85789.54862650375,53864.69983887041,2010.8981835151076,55875.598022385515,10799.999999999998,10800.0,5896.101116403153
2025-11-24,85219.61087822152,396.3776593566967,85615.98853757822,53693.81639609196,1465.976016279093,55159.792412371055,10800.0,10800.000000000004,6818.90777087332
2025-11-25,85293.15853361839,361.84391896917305,85655.00245258756,53770.90576200353,1151.874255829105,54922.780017832636,10800.000000000004,10799.999999999998,4817.032647084805
2025-11-26,85399.00985800667,255.17291789444485,85654.18277590112,53969.02506326772,905.5820161884396,54874.60707945616,10799.999999999998,10799.999999999998,4236.474841926976
2025-11-27,85607.00016447302,356.6978340795123,85963.69799855254,53975.21437326659,1470.8159171849702,55446.03029045156,10799.999999999998,10799.999999999998,5527.885699062972
2025-11-28,40234.55715933314,181.0500666311521,40415.60722596429,21318.67648777464,733.6740168585833,22052.35050463322,10799.999999999998,10799.999999999993,5779.795364399637
2025-11-29,40280.80087122992,1623.4650811010952,41904.265952331014,21239.450005700346,4845.535242618047,26084.985248318393,10799.999999999993,10799.999999999996,3220.536691686915
2025-11-30,87306.70865480413,543.1822506569613,87849.89090546108,55301.51260086894,2053.6078151324346,57355.12041600137,10799.999999999996,10800.0,2899.9714693943342
2025-12-01,87282.7233235182,5115.567431255249,92398.29075477345,55092.294066724295,19061.347874091516,74153.64194081581,10800.0,10799.999999999998,1381.029688106802
2025-12-02,93789.29696670688,1852.3255550843126,95641.6225217912,59903.65549993883,7140.269959666328,67043.92545960516,10799.999999999998,10800.000000000002,2231.2860470899022
2025-12-03,97160.10246567082,443.6782710384824,97603.7807367093,62273.36760359775,1378.6809204458718,63652.04852404362,10800.000000000002,10800.000000000004,5611.281357963319
2025-12-04,98150.71372033547,405.34503257696906,98556.05875291243,62966.089589447554,1742.9453979057025,64709.034987353254,10800.000000000004,10800.0,6938.419506484956
2025-12-05,46624.26817740427,2293.8336428798484,48918.10182028412,24561.514603289485,7646.103846415865,32207.618449705347,10800.0,10799.999999999998,3791.770088274856
2025-12-06,51465.03628684803,938.8738405840645,52403.91012743209,26934.33596365292,3691.8613695179156,30626.197333170836,10799.999999999998,10799.999999999996,4676.755903798545
2025-12-07,99534.67291531948,495.3451908290191,100030.01810614849,63846.00310580202,2194.1716485575644,66040.17475435958,10799.999999999996,10800.0,7500.670189481829
2025-12-08,101347.15926411527,98.40695664343491,101445.5662207587,64985.48429931831,493.9126992959915,65479.396998614306,10800.0,10800.000000000002,8721.688437425375
2025-12-09,99790.59953022996,235.22251392996856,100025.82204415993,64108.731210739876,1119.524646361777,65228.255857101656,10800.000000000002,10800.000000000002,7760.701110826598
2025-12-10,99047.00834046863,183.71423940905103,99230.72257987768,63554.99434309652,689.5350197313295,64244.52936282785,10800.000000000002,10800.000000000002,5966.437446544354
2025-12-11,98816.55235920964,132.02700043849808,98948.57935964814,63624.85592838173,451.9554463959877,64076.81137477772,10800.000000000002,10800.000000000002,8110.657992981465
2025-12-12,56934.44491591752,408.11001005026975,57342.55492596779,30315.905065536685,1282.4561345600032,31598.36120009669,10800.000000000002,10800.0,9514.129894905385
2025-12-13,54874.041606467275,118.56383514238996,54992.60544160967,29045.23299969721,585.6447887572858,29630.877788454498,10800.0,10800.000000000002,7081.791446025554
2025-12-14,99248.88026795114,202.75112518239797,99451.63139313355,63715.64471226468,742.2563381121138,64457.90105037679,10800.000000000002,10800.000000000002,5802.979803594395
2025-12-15,99253.56153541718,335.2451799599044,99588.80671537708,63736.24546086916,1298.5773648287932,65034.82282569796,10800.000000000002,10799.999999999998,5255.741584853293
2025-12-16,99235.7040272943,210.35217899283117,99446.05620628713,63780.90224978319,720.9432857770267,64501.84553556022,10799.999999999998,10800.0,5164.901520168508
2025-12-17,99151.87196861423,267.7521338784859,99419.62410249271,63618.01038043421,973.8008658849772,64591.81124631919,10800.0,10799.999999999996,6384.190357172021
2025-12-18,98705.64780364388,209.28076126344956,98914.92856490733,63434.49440625818,538.1003209693102,63972.594727227486,10799.999999999996,10800.000000000002,6716.489188269489
2025-12-19,53587.349959638654,266.1247771444649,53853.474736783115,28383.092279144978,1041.8980566289902,29424.990335773968,10800.000000000002,10800.000000000005,6853.192238382486
2025-12-20,53635.589214067164,90.9981542184628,53726.587368285625,28383.852529544085,281.52405439132235,28665.37658393541,10800.000000000005,10799.999999999995,6778.758051139383
2025-12-21,98700.07481287824,559.6231774531116,99259.69799033136,63442.50784788362,1923.8807961097564,65366.38864399338,10799.999999999995,10800.000000000002,5367.165558251431
2025-12-22,98907.58353068237,271.2051549841877,99178.78868566656,63482.60574280464,836.9288094715344,64319.53455227618,10800.000000000002,10800.0,5396.023860801736
2025-12-23,98429.87473699011,141.626800364034,98571.50153735414,63217.3433078525,503.0229928857654,63720.366300738264,10800.0,10799.999999999996,6476.841272174879
2025-12-24,97992.51886294493,267.13685816189604,98259.65572110683,62780.47779020031,1005.8063397830368,63786.284129983345,10799.999999999996,10800.0,5554.321100506808
2025-12-25,97073.36719417918,480.15811508859844,97553.52530926779,62344.886608735644,1493.778473284109,63838.665082019754,10800.0,10800.000000000002,4898.605080140188
2025-12-26,52157.22901514215,234.06993864529161,52391.29895378744,27481.940101936394,797.3588066244321,28279.298908560828,10800.000000000002,10799.999999999996,5301.985734777628
2025-12-27,52630.929079682996,231.42746793959822,52862.35654762259,27667.940585903034,833.8912084014224,28501.831794304457,10799.999999999996,10800.000000000002,5400.580134503668
2025-12-28,98199.97875234301,240.4894300773638,98440.46818242037,63207.388399713775,826.3091389112434,64033.69753862502,10800.000000000002,10799.999999999996,6787.192012393916
2025-12-29,97753.06176657145,208.0082505513314,97961.07001712278,62677.297385844344,824.8643868038016,63502.16177264815,10799.999999999996,10799.999999999998,5626.932956196651
2025-12-30,96861.70319318779,148.61356117605712,97010.31675436384,62074.25476115903,644.171990621242,62718.426751780265,10799.999999999998,10800.0,5969.7458797251875
2025-12-31,90684.99099557137,870.3285846002507,91555.31958017162,59151.585576529564,3297.2448202938663,62448.83039682343,10800.0,6000.0,3443.388574078111
