date,planned_kwh,adjusted_normal_kwh,emergency_kwh,original_plan_fee_yuan,up_surcharge_yuan,down_refund_yuan,final_normal_fee_yuan,emergency_fee_yuan,total_fee_yuan,initial_kwh,terminal_kwh,unused_kwh
2025-02-01,94173.3601390311,90727.60855205779,0.0,58084.84670797498,0.0,1315.2137949066291,56769.63291306836,0.0,56769.63291306836,1213.7962865188128,6000.000000000002,46467.26442776144
2025-02-02,89808.9408787239,86087.79245779922,511.3334553854573,56238.898942613414,0.0,1239.6633289224071,54999.23561369101,2724.02430849538,57723.25992218639,6000.000000000002,5999.999999999997,3739.9718856193963
2025-02-03,91820.99721214944,87367.80135068568,732.3041916484153,57606.11868231108,0.0,1574.4262957875785,56031.69238652351,3283.7481788859213,59315.44056540943,5999.999999999997,6000.0000000000055,3334.699712870884
2025-02-04,93747.18062415582,90305.82998334516,282.2718387442798,59389.7162113484,108.25345097733357,1301.505301368882,58196.46436095685,1110.6350541532656,59307.09941511012,6000.0000000000055,6000.0,4661.238258611198
2025-02-05,90563.93356533026,89987.83141136309,173.97183060310905,57283.579211630014,356.0161754571698,354.74902698192807,57284.84636010526,683.4670383226808,57968.31339842794,6000.0,6000.000000000001,4782.171391883657
2025-02-06,98135.25239443172,90679.1994299652,92.07732351351137,62738.542563147086,0.0,2829.265926910163,59909.27663623693,346.7410415155785,60256.017677752505,6000.000000000001,6000.000000000001,5785.4357866278515
2025-02-07,88085.47158973542,85369.566264659,0.0,55314.902141208295,171.23787454357,1016.7025927601267,54469.437422991745,0.0,54469.437422991745,6000.000000000001,6000.000000000001,49017.56822948678
2025-02-08,77657.43390502925,79122.50588994776,0.0,47451.98387292461,1564.0155189924014,2.8253577269543317,49013.174034190044,0.0,49013.174034190044,6000.000000000001,5999.999999999999,42974.10670556342
2025-02-09,87381.67549872221,85969.07400130037,752.925182516949,54524.737226226775,0.0,536.7583638936973,53987.97886233307,3570.5696525035337,57558.5485148366,5999.999999999999,6000.000000000003,2625.596053909393
2025-02-10,82751.84827432543,80355.41574124216,1017.264617365955,51376.91819464024,13.739629282008972,835.6345563876622,50555.02326753458,3785.269571886228,54340.292839420814,6000.000000000003,6000.0,2454.542438715959
2025-02-11,85866.19752796649,81669.45638290129,447.41788133334535,53911.04393412144,11.576782372336934,1625.9231536264708,52296.6975628673,1996.3858467267964,54293.083409594095,6000.0,6000.000000000002,2430.906224827054
2025-02-12,87017.57280930376,82896.53121882392,274.91631356819113,54655.714018861094,0.0,1456.356713830527,53199.357305030564,1156.91106393687,54356.26836896743,6000.000000000002,6000.000000000004,3423.4924561535963
2025-02-13,83040.14881033235,80619.09629013015,180.16293581433865,51582.629949282345,382.6232292603289,924.3636892439405,51040.88948929873,514.7588365789015,51555.64832587763,6000.000000000004,6000.0,5043.9968000099
2025-02-14,80318.74104349669,80167.6382497646,0.0,49461.18199441604,1624.722564437961,545.968376045443,50539.93618280856,0.0,50539.93618280856,6000.0,6000.0,46088.3901139872
2025-02-15,80352.03778090954,76455.32619970953,0.0,49066.84281652803,9.731794399453015,1263.8864808093276,47812.68813011816,0.0,47812.68813011816,6000.0,6000.000000000002,42796.56612684297
2025-02-16,81919.39176425175,77591.20553219217,2974.28580664361,50633.081049700486,4.040803444372978,1600.6456857337548,49036.47616741111,12246.125647531597,61282.601814942704,6000.000000000002,5999.999999999998,817.8262885073841
2025-02-17,83571.15751872034,76602.16731818022,1266.667308794999,51417.3079788473,28.859739209936958,2270.992696012092,49175.175022045136,5127.673061456137,54302.848083501274,5999.999999999998,6000.0,2382.2530063866748
2025-02-18,75163.81880888384,77707.23835289493,1234.5837869758439,46368.45860960396,2105.9601762759644,1.1581040621603114,48473.260681817774,4993.7677722995995,53467.028454117375,6000.0,5999.999999999998,2446.7968824561394
2025-02-19,76634.17580566228,78500.76309074441,1061.872869552163,47437.44844377321,1818.2894922257628,0.0,49255.737935998965,3791.2717551998576,53047.00969119882,5999.999999999998,6000.0,2198.9876917456263
2025-02-20,81989.02829366422,80025.95064664342,400.0984847522872,50535.82205420732,329.7912891818078,649.0838694648393,50216.52947392428,1485.1433152463137,51701.672789170596,6000.0,6000.0,5078.926796351698
2025-02-21,74387.11611437763,75829.37404527956,0.0,45482.96407979891,1682.83738717604,46.456175715894105,47119.34529125906,0.0,47119.34529125906,6000.0,5999.999999999997,45951.21851584393
2025-02-22,74832.27773597249,74595.83830348749,33.33363442922064,45336.19242543445,110.32538415245739,96.31881580736788,45350.19899377954,71.26731040967373,45421.46630418921,5999.999999999997,6000.0,42389.71787623403
2025-02-23,74835.72687551109,73781.85143822909,3186.6466323517825,45478.398867500706,402.23188918795523,525.6473034175093,45354.983453271154,12486.52185208074,57841.50530535189,6000.0,6000.000000000001,1039.5731507939856
2025-02-24,74049.2521173332,75055.85530551213,947.439574890524,45746.881888106975,779.4139422932012,35.83438725500532,46490.46144314518,4174.131246878271,50664.59269002345,6000.000000000001,6000.000000000001,3455.861109632888
2025-02-25,77550.80805606538,73421.58602354492,651.6651118706598,47574.59697579801,136.27491136267804,1395.7525451755905,46315.1193419851,2450.7136340192806,48765.83297600438,6000.000000000001,6000.000000000004,4048.539647605655
2025-02-26,72189.23713722493,74708.54899077027,909.5995650505815,44016.9531808278,2548.2933796447414,7.32259023418,46557.923970238364,3256.859082096503,49814.78305233487,6000.000000000004,6000.0,2500.4402559811647
2025-02-27,74251.74102644055,74900.77779127433,386.58643772564574,45543.536695520226,1306.3772124859024,98.84803716024453,46751.06587084589,1613.088299520513,48364.1541703664,6000.0,6000.0,3948.6396925090685
2025-02-28,71446.00641966,73229.14333821386,0.0,43287.497229834786,1780.5935860759269,0.0,45068.09081591072,0.0,45068.09081591072,6000.0,6000.000000000002,45675.29605082157
2025-03-01,78656.25595898894,75158.85251301539,0.0,48212.607917408124,2.642889822049925,1089.42887924055,47125.82192798962,0.0,47125.82192798962,6000.000000000002,6000.000000000004,47069.057311086144
2025-03-02,78458.15071276706,79671.76586174697,903.2661023795893,47940.937292052324,1758.1176326916448,79.92352242859448,49619.13140231538,4236.383603802756,53855.51500611814,6000.000000000004,5999.999999999997,3548.0546228701924
2025-03-03,80709.74637615519,78726.76840948593,1064.549318116075,49408.00636259386,1262.8558718664744,829.8510457696082,49841.01118869072,4170.506245603923,54011.51743429464,5999.999999999997,6000.000000000001,3341.206936100101
2025-03-04,74023.58665928112,75927.3110600101,1062.4263228182485,45394.431831250826,1933.1019572102016,0.0,47327.53378846103,3350.844438503958,50678.37822696498,6000.000000000001,6000.000000000002,3431.3638488525335
2025-03-05,79171.26617626718,75718.92820483539,291.34573260023893,48708.037390473124,0.0,1095.6932110388052,47612.34417943432,935.7944818419438,48548.138661276265,6000.000000000002,5999.999999999996,5464.834631109681
2025-03-06,74462.61404286016,75566.2364152158,156.72134216524302,45589.78828351975,1316.6217901372993,20.303525002439308,46886.106548654614,527.3745345620782,47413.48108321669,5999.999999999996,5999.999999999999,5312.654582013407
2025-03-07,76597.8209119883,73700.21018709449,0.0,47059.333719686765,2.255852901735283,989.2959952846174,46072.293577303884,0.0,46072.293577303884,5999.999999999999,6000.0,48364.47193438882
2025-03-08,68157.49092696342,68601.12625359482,0.0,40648.28576580858,975.9596387424336,86.80471835389059,41537.44068619712,0.0,41537.44068619712,6000.0,6000.000000000001,45327.22837927131
2025-03-09,73778.17351817715,68629.1184028943,1247.1635243359617,44428.02781604697,0.0,1436.3488149221214,42991.679001124845,5104.1400904746115,48095.81909159946,6000.000000000001,6000.0,2281.2706421287157
2025-03-10,71714.44004040214,72621.98551306204,1601.2252371322957,43088.34501736969,1102.4820952321463,12.24897956574784,44178.57813303609,6221.1228603247,50399.70099336079,6000.0,6000.0,1938.4191636351347
2025-03-11,65603.4138925667,70994.41036536028,677.4991530379384,40048.035357138666,4525.080419346587,2.4825283423204225,44570.63324814294,2783.7447846017576,47354.3780327447,6000.0,6000.0,3549.072766978577
2025-03-12,74829.12498173918,71926.47931950595,366.33113864937434,45769.815739734455,20.20493697503232,861.6002070867672,44928.420469622724,1016.3423006954034,45944.76277031813,6000.0,6000.0,5615.030095065494
2025-03-13,78012.21359487981,78135.9742590737,179.70892285454087,47686.303450198335,438.109161593851,64.05778235723392,48060.35482943495,686.7361613464882,48747.09099078144,6000.0,6000.000000000003,6425.470892744233
2025-03-14,67377.87224386535,67285.47635504854,0.0,41042.15381926807,545.4163104097091,219.2307313691957,41368.339398308584,0.0,41368.339398308584,6000.000000000003,5999.999999999996,47032.91658253435
2025-03-15,70324.7038152279,70839.51707037432,18.855543442463272,41933.72787279736,1385.6755638378006,212.68363041090907,43106.71980622425,40.31315187998647,43147.03295810424,5999.999999999996,6000.000000000001,45796.89843649362
2025-03-16,69354.42432698145,69106.80606761569,1201.2230365127152,42000.353145917485,339.10425209492587,270.91816076421685,42068.5392372482,4761.246943626854,46829.78618087505,6000.000000000001,6000.000000000002,2667.5415407304044
2025-03-17,66151.800365982,62998.16995697214,1383.1398017173137,39195.66671909916,839.7841923614177,946.5588231651368,39088.89208829544,5682.089900084222,44770.98198837966,6000.000000000002,5999.999999999999,2397.821497304303
2025-03-18,77827.42755680828,69963.34329209119,376.11478197694333,47783.33515299929,0.0,2618.1071810069507,45165.22797199233,1517.4158373784512,46682.643809370784,5999.999999999999,6000.000000000001,5082.89537923329
2025-03-19,64516.355501640675,66469.12546385979,1006.4013396136188,39274.40128645656,1745.0219457766163,0.0,41019.423232233166,3139.9323321387383,44159.3555643719,6000.000000000001,5999.999999999998,3836.0991760186935
2025-03-20,73655.48254413763,69660.80910638216,814.178266761525,45130.7973501532,21.74426489554462,1412.6372336658915,43739.904381382854,2935.9709146171745,46675.87529600003,5999.999999999998,6000.000000000002,4102.807060416638
2025-03-21,67789.46743980824,62450.84636558597,0.0,40537.18162166271,80.377938662106,1590.231222071362,39027.32833825346,0.0,39027.32833825346,6000.000000000002,6000.000000000001,46326.04405774361
2025-03-22,67857.66567330626,65435.165690406146,15.563551275286386,40791.56085046392,12.82477286242019,715.6395730037004,40088.74605032264,33.27487262656229,40122.0209229492,6000.000000000001,6000.000000000004,45402.95730400049
2025-03-23,70322.09748690302,66708.88785695421,990.4892408957542,42392.7239280786,0.0,1227.9536756935886,41164.77025238501,3834.6591618537223,44999.42941423873,6000.000000000004,6000.000000000002,4954.389219552288
2025-03-24,67009.31765117281,64784.53800180217,831.9321523480238,40167.69064220249,626.302687243076,763.6129596633292,40030.38036978223,2633.60955366735,42663.98992344958,6000.000000000002,6000.000000000002,3463.2286969233746
2025-03-25,75540.21063266185,67739.46217659047,607.448750017972,45886.33248898297,0.0,2484.618003955172,43401.7144850278,2128.0456814333797,45529.76016646118,6000.000000000002,6000.0,3301.2738564619317
2025-03-26,67202.71893408625,64286.0595085283,473.2577460330649,40829.77271911841,235.58348613208165,1003.9124934040876,40061.4437118464,1521.5087349685346,41582.95244681493,6000.0,5999.999999999998,5066.769924815468
2025-03-27,70802.71437411499,67227.5338116916,432.89253612029273,43316.74345710914,0.0,1233.589567602062,42083.153889507084,1299.420506504247,43382.57439601133,5999.999999999998,6000.000000000002,4884.024323726666
2025-03-28,66376.83940956491,62939.1372770841,0.0,40179.823682486574,812.4698105862346,1462.1352569334547,39530.15823613935,0.0,39530.15823613935,6000.000000000002,5999.999999999997,48042.87272171474
2025-03-29,57796.97083779439,57129.08134298038,0.0,34289.37994406922,1151.31147999016,513.8171898247715,34926.87423423461,0.0,34926.87423423461,5999.999999999997,5999.999999999996,45426.092037657334
2025-03-30,64263.33534707526,58350.66748505596,2369.277521076927,38042.47686683996,0.0,1617.6704106050042,36424.80645623496,9244.039595208265,45668.84605144322,5999.999999999996,6000.000000000004,1309.7569695439938
2025-03-31,59746.689983267504,61908.8879126949,1302.6051495511713,35783.81767962508,1643.5430000552328,2.0079441469501353,37425.35273553336,4988.517523332446,42413.870258865805,6000.000000000004,6000.0,2303.63614327131
2025-04-01,73153.13243625371,68362.66812624675,718.4249430458606,43408.76342703308,368.6890852803132,1573.2598811379453,42204.19263117546,2548.998925116036,44753.191556291495,6000.0,6000.000000000002,4857.800600386248
2025-04-02,69341.49394289701,69500.40206531322,532.365529272333,41610.05520387441,516.5176553680219,76.50397481589282,42050.068884426546,2020.4336289988278,44070.502513425374,6000.000000000002,6000.000000000001,5589.598481751922
2025-04-03,73539.7250150282,67485.25072878777,197.91850394021787,45052.95465676594,0.0,2037.1364934471235,43015.818163318814,536.5917774405059,43552.40994075932,6000.000000000001,5999.999999999999,7608.014528727751
2025-04-04,60145.160612432344,58633.07485889866,0.0,35828.03252247015,432.45688774674886,586.903682801182,35673.58572741572,0.0,35673.58572741572,5999.999999999999,6000.000000000001,48144.55286851064
2025-04-05,57085.329515403006,57667.853436297446,0.0,33516.51566133677,685.1129908923176,6.783848819859794,34194.844803409236,0.0,34194.844803409236,6000.000000000001,6000.000000000002,41782.5382980086
2025-04-06,63983.798607119636,60987.894002194924,920.5620654505616,37354.72492689034,575.3183068634587,861.1911936130391,37068.85204014076,3856.953788209184,40925.80582834994,6000.000000000002,6000.0,3395.6757102127212
2025-04-07,59172.162676673965,59829.67680091933,743.4504577824542,34672.236930030675,1537.3554443271696,151.23877902185686,36058.35359533599,2804.8294624526284,38863.18305778862,6000.0,6000.0,3460.9386755148385
2025-04-08,69351.05480535157,63481.101885032185,343.8951743625502,41654.71511663717,0.0,1848.4836860224834,39806.23143061469,1580.3511807087325,41386.58261132342,6000.0,6000.000000000002,5398.824612118466
2025-04-09,65019.47190929463,66888.22205268318,415.75409443700266,38948.628414736086,1561.7104976884007,39.18210665642879,40471.15680576807,1545.180233625751,42016.337039393824,6000.000000000002,5999.999999999999,4004.324236869017
2025-04-10,66067.09125962606,65097.45969262076,298.40254904090216,40200.464088536566,285.6419941337528,617.9900865625405,39868.11599610778,1330.9476487552104,41199.06364486299,5999.999999999999,6000.000000000003,6829.32278179018
2025-04-11,52030.26168874495,54369.237565641495,0.0,31347.6105454998,2148.3418109788427,0.0,33495.95235647864,0.0,33495.95235647864,6000.000000000003,6000.0,45379.71338242905
2025-04-12,63765.356761503135,58629.50296195409,9.252033463883777,37671.14389015872,0.0,1555.3926117746505,36115.751278384065,19.780847545783512,36135.53212592985,6000.0,6000.000000000002,45929.195474438995
2025-04-13,59233.45596398223,59049.69625839712,1389.4662700299202,34856.82633084321,69.80803098305414,56.80386376974338,34869.830498056515,5688.256150976176,40558.08664903269,6000.000000000002,6000.0,2247.411825226729
2025-04-14,63672.89784846397,58222.28022476792,1050.6901986989724,38099.90603647894,0.0,1845.8534588829705,36254.05257759597,3838.9539124430603,40093.00649003903,6000.0,6000.000000000004,2841.0744934671916
2025-04-15,57061.07281169196,57676.54607214975,621.3649554872552,33658.866393713426,1021.1060650175538,64.30146466501947,34615.670994065964,2881.9845244914713,37497.65551855743,6000.000000000004,6000.0,4401.858191892659
2025-04-16,63210.87744857854,63193.14843635661,453.2148883452787,37092.91994003958,1081.8401313148456,211.06878122320322,37963.69129013122,1727.1615444283316,39690.85283455955,6000.0,6000.0,3996.317308781638
2025-04-17,58860.80007454426,61974.938461978214,166.8380294361512,35789.30888954357,2166.5520040727733,0.0,37955.860893616344,632.4486941334151,38588.30958774976,6000.0,6000.0,5224.809394820876
2025-04-18,57133.08291298531,57327.018131286546,0.0,33828.30500199127,202.42643159405543,0.48311813365061174,34030.248315451674,0.0,34030.248315451674,6000.0,6000.000000000002,47090.458211033525
2025-04-19,58640.189173305116,57735.35480873563,4.6316591379587635,33701.83196372943,2131.0026221766802,633.3174741424493,35199.517111763664,9.902487236955835,35209.41959900062,6000.000000000002,6000.000000000002,47013.840260998666
2025-04-20,54396.69868021272,55735.224646620925,1910.3440954011242,32378.33030473168,1293.965147255379,0.0,33672.29545198706,6863.675387153175,40535.97083914024,6000.000000000002,6000.000000000002,1844.9535371747309
2025-04-21,62553.01107680256,55012.77242188173,1173.744278129518,37011.34124712533,0.0,2145.1703009913354,34866.17094613399,4466.3824918513355,39332.55343798533,6000.000000000002,6000.000000000002,4035.5683135257377
2025-04-22,55812.90074865935,58073.273455508024,830.1699171815882,33171.96440255185,1770.8907584171006,0.0,34942.85516096895,3169.6892007110905,38112.54436168004,6000.000000000002,6000.0,2952.8056267359816
2025-04-23,57019.53543973839,59284.11731300033,631.257322772931,33818.58418804568,1825.8775834206208,0.23397794847633158,35644.22779351783,1913.2313861201505,37557.459179637975,6000.0,6000.000000000001,4612.712595215014
2025-04-24,61001.25823737295,58894.46068123697,256.5667709336662,36237.9651480883,282.8843193028482,557.0317122744211,35963.817755116725,754.065656833404,36717.883411950126,6000.000000000001,6000.0,8287.637179037574
2025-04-25,54510.07750393276,53758.79561882092,0.0,33100.81909924754,0.0,366.4417181286565,32734.377381118888,0.0,32734.377381118888,6000.0,5999.999999999999,48039.72873430411
2025-04-26,51989.72733110647,51799.73973215463,0.0,31352.815132320684,0.0,46.927621553189496,31305.887510767498,0.0,31305.887510767498,5999.999999999999,6000.000000000001,48135.84932003783
2025-04-27,53624.55361661808,54429.708635665724,1429.4224247130967,32089.818236145926,608.6286248685819,22.472438331234187,32675.974422683277,5998.182238020546,38674.156660703826,6000.000000000001,6000.000000000001,3512.313302604839
2025-04-28,66662.56811629422,63679.98414156375,577.5430000524625,39311.762385148,0.0,990.3386613350158,38321.423723812986,2220.7202175130287,40542.143941326016,6000.000000000001,6000.000000000003,3779.7655287027183
2025-04-29,57758.47482406645,56620.50265932887,191.8729998635004,34357.93368953476,318.26812306538244,324.7527000609102,34351.44911253923,881.818093713716,35233.267206252945,6000.000000000003,6000.000000000002,5675.024504567915
2025-04-30,56231.276600805126,54522.6055831988,1578.0486595821349,33976.952868440196,0.0,686.522002025913,33290.43086641429,5427.91437734158,38718.345243755866,6000.000000000002,6000.000000000006,4257.14192319527
2025-05-01,61274.744949250795,60016.75891039331,1901.3194345634715,36762.39557275231,0.0,392.34707517064123,36370.048497581665,9012.37281909341,45382.42131667508,6000.000000000006,5999.999999999999,6846.448424308752
2025-05-02,69113.9271031122,66668.92304814234,0.0,41058.201016702296,0.0,802.3830634043467,40255.81795329794,0.0,40255.81795329794,5999.999999999999,6000.0,48326.17849458623
2025-05-03,63949.48104679936,58992.47435782368,8.050018828060843,37829.43190215691,0.0,1500.360283071166,36329.07161908575,17.21094025439408,36346.28255934014,6000.0,5999.999999999997,46381.41866800392
2025-05-04,61066.75026802438,54321.11835339144,3651.422943914811,36115.967328236125,0.0,1868.9470655061384,34247.02026272999,15027.545729894786,49274.565992624775,5999.999999999997,5999.999999999999,2925.599264591607
2025-05-05,63924.75791267483,60965.76414072834,1893.1655578419452,38655.708551427204,0.0,1178.2253958293768,37477.48315559783,8152.753781250668,45630.2369368485,5999.999999999999,6000.000000000005,3914.6117855487983
2025-05-06,54437.61402178505,56499.75704561341,2444.9534262740663,32913.30683107555,1607.8101885531696,0.0,34521.11701962872,9678.501744293142,44199.61876392186,6000.000000000005,6000.000000000001,2207.9938706024273
2025-05-07,63069.24256306808,63069.24256306808,593.978725405905,38440.729917749595,0.0,0.0,38440.7299177496,2757.22359504951,41197.95351279911,6000.000000000001,6000.000000000002,4703.502883973446
2025-05-08,68594.1899611929,67178.34827920512,593.647017493345,40626.50305840961,270.4991879852431,424.95999093099954,40472.04225546385,2885.4127786312356,43357.45503409509,6000.000000000002,6000.000000000004,7904.738614491677
2025-05-09,68955.72639669005,62707.01357546895,0.0,40847.54723021935,118.4495828075458,1759.3823530319212,39206.61445999498,0.0,39206.61445999498,6000.000000000004,6000.000000000004,50151.72418588049
2025-05-10,64885.25909879489,62654.090475186415,1.2335516247618443,38046.80449226918,943.6925912202748,793.1181497685245,38197.37893372092,2.637333373740823,38200.01626709466,6000.000000000004,6000.000000000002,46576.84441677682
2025-05-11,63357.55549194688,60584.97844120371,1547.4115752625048,37271.02577382664,327.26193991544915,748.286075715745,36850.00163802634,6962.978001600548,43812.97963962689,6000.000000000002,6000.000000000002,2936.942932931998
2025-05-12,58379.33616074217,58286.9825542952,1048.6895444850616,34952.99672457486,614.5374714672873,123.91699635987392,35443.617199682274,4165.456964219178,39609.07416390145,6000.000000000002,6000.000000000004,4062.51855138337
2025-05-13,67079.268617947,61796.98414445727,362.2661241121101,40004.51714887624,295.0214350976684,1589.999429137462,38709.53915483644,1790.3537818667292,40499.892936703174,6000.000000000004,6000.000000000004,5317.506115412149
2025-05-14,68297.41897104803,63996.028756173284,255.82362892472995,41798.87778777598,0.0,1476.4139569739596,40322.46383080202,879.0483886384861,41201.512219440505,6000.000000000004,6000.000000000001,7534.276207745903
2025-05-15,66777.86751146999,64339.164497026926,137.59115849223318,41452.241705921675,47.05755573548087,918.3501982968752,40580.94906336028,449.2412763073653,41030.19033966765,6000.000000000001,6000.0,7977.3416069501745
2025-05-16,61699.58099250906,57319.25639269074,0.0,37868.80875701059,0.0,1424.4562637525414,36444.35249325805,0.0,36444.35249325805,6000.0,6000.0,51085.989746468746
2025-05-17,66114.22354645356,62891.78901326639,3.126716755088978,39668.96588037884,0.0,1045.1412635971456,38623.8246167817,6.684920422380235,38630.50953720408,6000.0,6000.000000000002,48858.02149527884
2025-05-18,66074.06918455072,62048.58342034744,721.7403595467414,39085.49489009922,0.0,1080.1988183299761,38005.29607176925,2130.837731739691,40136.133803508936,6000.000000000002,6000.000000000004,5384.771440523626
2025-05-19,61514.27297503325,57758.67054626532,233.8287279947031,36769.41397064989,553.1660168820637,955.7415807947278,36366.838406737224,1188.2775831547424,37555.115989891965,6000.000000000004,6000.000000000002,6926.38316876379
2025-05-20,61938.208023500694,62300.72564569106,499.5705869796849,37340.404954385536,383.12869898783174,0.0,37723.53365337338,2195.679640248683,39919.21329362206,6000.000000000002,5999.999999999998,4744.378729280843
2025-05-21,58943.20476855685,60259.87295770433,349.35626424009814,36336.248742575546,1202.0245868260224,0.0,37538.27332940157,1150.7701040460688,38689.04343344764,5999.999999999998,6000.000000000002,5628.538137517697
2025-05-22,63849.55715843734,62867.26597459814,86.52382408452144,39380.84958460724,50.209324163613225,280.1174816858968,39150.94142708495,258.2488174350327,39409.19024451998,6000.000000000002,5999.999999999998,8503.438823598022
2025-05-23,64107.84774176552,62531.49138269178,0.0,38487.26606303986,1050.8935624034866,569.54582860145,38968.61379684189,0.0,38968.61379684189,5999.999999999998,6000.000000000003,52570.299076931355
2025-05-24,55538.802431490185,55491.424245347356,0.0,34218.08006953419,0.0,29.722451503877487,34188.35761803032,0.0,34188.35761803032,6000.000000000003,6000.000000000002,48078.661847386684
2025-05-25,59427.341435824594,56829.97710339271,1026.357461632846,35648.17760696247,0.0,576.7662992075857,35071.41130775488,3897.386315106923,38968.797622861806,6000.000000000002,6000.000000000004,5931.746026163812
2025-05-26,58998.94925457204,62700.18066008127,631.182016763521,36039.910329167426,3182.9938959661586,9.08272352766604,39213.82150160591,2063.270094861651,41277.091596467566,6000.000000000004,6000.000000000002,4957.377162482497
2025-05-27,56106.986518130376,56767.08840699061,818.0606170332339,34589.5644901339,448.75684112794227,1.1995281891704377,35037.121803072674,3183.9670986358688,38221.08890170854,6000.000000000002,5999.9999999999945,4830.722717615673
2025-05-28,66159.86784462963,64882.40936564238,145.9388794934598,39768.97783570498,0.0,343.04511863429906,39425.93271707069,462.6609222692736,39888.59363933996,5999.9999999999945,6000.0,8688.08343000763
2025-05-29,64490.147494972276,64043.96876433928,314.81454922985597,38719.47863584076,162.413991147697,147.78156995999495,38734.11105702846,1318.9517355353967,40053.062792563855,6000.0,5999.999999999998,6365.133576277431
2025-05-30,65932.23998685795,60589.727065234816,0.0,39981.530046727275,9.529614681614312,1410.696951294504,38580.362710114394,0.0,38580.362710114394,5999.999999999998,6000.000000000002,50343.015737281705
2025-05-31,67400.69595980246,60437.06959042106,105.50642702305856,41229.04856418498,0.0,2299.4502265740093,38929.59833761097,225.5727409752992,39155.171078586274,6000.000000000002,5999.9999999999945,48582.89883976098
2025-06-01,76419.78470145079,70572.14538710266,6468.207477827202,46321.01838781548,0.0,2094.2765206699305,44226.74186714555,25315.65910891859,69542.40097606415,5999.9999999999945,6000.000000000002,1673.0300437830056
2025-06-02,80177.63173350124,68548.11812812749,5659.145046879157,49492.87284945706,0.0,3773.7661319700283,45719.106717487026,20812.525488106876,66531.6322055939,6000.000000000002,6000.000000000001,1243.6215342902283
2025-06-03,75929.01845381479,74308.62791617028,2674.4188943779213,46775.571659512745,15.78067786710387,547.2420886375721,46244.110248742276,10063.489315996518,56307.59956473879,6000.000000000001,6000.0,4446.062180586972
2025-06-04,86887.9536456163,75783.25650915483,2353.5505079206728,54490.83236107834,0.0,3820.017521789877,50670.81483928846,6447.168945721454,57117.983785009914,6000.0,6000.0,4200.223252647887
2025-06-05,76670.81029324513,76557.17837003205,2000.8531643043254,46753.96576967829,1018.2554163880321,202.41121489924046,47569.80997116708,6900.701129602115,54470.511100769196,6000.0,6000.000000000002,3143.5392999817223
2025-06-06,83568.9809390702,80486.73303098994,0.0,52341.967948355974,0.0,1087.4244339622148,51254.54351439375,0.0,51254.54351439375,6000.000000000002,6000.000000000002,45139.149128559606
2025-06-07,83811.02029103859,79084.94924355582,33.60685330175568,51865.127108105065,635.5055214078727,1767.2993613558688,50733.33326815707,71.85145235915364,50805.18472051622,6000.000000000002,6000.000000000002,43616.64483526635
2025-06-08,71959.07384431224,69751.51739793277,2070.5157405297805,43808.667057611834,1136.5215695730637,840.2746516748815,44104.91397551002,8044.84242881353,52149.75640432355,6000.000000000002,6000.000000000002,2869.9402786573073
2025-06-09,81695.20727374117,76794.75556475786,1656.3333306687555,50910.09568742324,28.021359485251324,1697.3253553159311,49240.79169159256,6100.989714284992,55341.781405877555,6000.000000000002,6000.000000000002,3209.7262437583595
2025-06-10,77582.23686251827,78783.85856504625,1277.4119936523507,48076.67374625853,1620.7959047017112,101.23040825988943,49596.23924270034,3993.3190364650027,53589.55827916534,6000.000000000002,6000.0,4087.765170307108
2025-06-11,86975.61617877413,86339.49089239736,616.2716425901584,55745.10913726068,0.0,288.8125813189853,55456.2965559417,2621.003920058689,58077.30047600039,6000.0,6000.000000000001,6262.977155672106
2025-06-12,84267.51723518415,83665.75394813862,294.93965726108695,53125.32153528618,0.0,206.81191183693306,52918.509623449245,1030.0523838639408,53948.56200731319,6000.000000000001,5999.999999999998,7185.809349541733
2025-06-13,82132.3073271358,82036.42103716654,0.0,51539.16759030637,0.0,32.18786713657842,51506.97972316979,0.0,51506.97972316979,5999.999999999998,6000.0,49227.268968408796
2025-06-14,78997.06392258311,76337.90960820415,0.0,48607.41430952193,0.0,887.0354706052624,47720.378838916666,0.0,47720.378838916666,6000.0,5999.999999999998,46084.33902038097
2025-06-15,75337.78560618451,77207.86485385986,1517.4886202008015,46835.43416181921,1538.2572328716205,74.03116799013134,48299.660226700704,6180.634134362832,54480.294361063534,5999.999999999998,6000.000000000001,3799.145845128527
2025-06-16,80588.7988092837,80768.26577095175,877.5106988522981,50246.60812052988,673.9372409468795,197.35104644078558,50723.19431503597,3448.669232838388,54171.86354787436,6000.000000000001,5999.999999999999,4474.466859027301
2025-06-17,84965.98620596495,84926.73388421367,720.3783609747783,53307.872984495276,352.01334708000724,128.71682218068082,53531.169509394604,2857.9187461933675,56389.08825558797,5999.999999999999,6000.000000000002,6508.675663844978
2025-06-18,86348.26105149268,84265.0070966603,274.418252522131,54206.49956731251,254.58981499918724,786.9444688765029,53674.1449134352,1035.1190833579187,54709.26399679312,6000.000000000002,5999.999999999998,9371.417846510949
2025-06-19,82290.8781674639,80187.4454762366,290.30674155675905,51426.06114272673,2669.6851591394498,1594.2406003220824,52501.5057015441,1066.441464583762,53567.94716612786,5999.999999999998,6000.0,7887.463911152255
2025-06-20,81901.71374072395,80072.56432143335,0.0,51274.243140959035,47.50633452864782,682.6774706091549,50639.07200487853,0.0,50639.07200487853,6000.0,6000.000000000003,53530.833767380886
2025-06-21,71728.32588688674,72348.81519272321,0.0,44308.620780685036,646.5377015899542,0.0,44955.15848227499,0.0,44955.15848227499,6000.000000000003,6000.000000000001,48940.80479201823
2025-06-22,75850.36040419678,74885.3932430151,1220.4075962266984,46122.406059558234,2199.7428995302707,712.884531741359,47609.26442734715,5240.803819890219,52850.068247237374,6000.000000000001,6000.000000000001,4766.772746544171
2025-06-23,78444.3697032195,78006.83657928617,492.300185005187,49363.06166666903,14.381809591242549,133.26182620182695,49244.181650058454,2088.591417280997,51332.773067339454,6000.000000000001,5999.999999999996,7387.139794385606
2025-06-24,90439.8760331797,88317.14485763054,276.48082381480503,57517.246826531926,38.77951698898348,817.6909883592023,56738.335355161704,1082.106818199343,57820.44217336104,5999.999999999996,6000.000000000003,7656.041673097326
2025-06-25,82314.3241574838,83857.12512187976,375.1733675947223,50996.9449927087,2899.786243489092,331.8496604325595,53564.881575765234,1832.5137891641639,55397.3953649294,6000.000000000003,5999.999999999997,9499.081026590764
2025-06-26,80194.93315135717,82519.22657047033,35.84651552925111,50784.25531981063,2024.3575870203522,23.999896522743754,52784.61301030825,171.8681224063605,52956.48113271461,5999.999999999997,5999.999999999998,10741.758684552917
2025-06-27,79106.97510949303,76302.6769475645,0.0,49987.861017782765,29.842416725475623,1073.7774468654284,48943.92598764282,0.0,48943.92598764282,5999.999999999998,5999.999999999999,52494.90639338395
2025-06-28,75694.19069115611,75861.66421032131,0.0,47256.28619270453,304.88720642558474,61.71911827556756,47499.454280854545,0.0,47499.454280854545,5999.999999999999,5999.999999999998,49621.236902899276
2025-06-29,74270.36920164996,76716.10614599448,1611.9641100331492,45631.4052000086,2861.4462614270496,63.24110388502734,48429.61035755063,5014.7667733843355,53444.37713093496,5999.999999999998,6000.000000000002,4866.785217789117
2025-06-30,80814.81650815658,79543.16015927578,719.4892045579952,50242.760557037334,120.84944549404213,463.2339656708551,49900.376036860514,2875.962392368039,52776.338429228555,6000.000000000002,5999.999999999999,6061.006617897483
2025-07-01,73162.9193069578,73372.51940618976,9991.410372730428,44948.14789003068,202.13033990808685,11.30467443948734,45138.97355549929,36504.59537804699,81643.56893354628,5999.999999999999,6000.000000000003,339.76488167844315
2025-07-02,75466.23837572681,72940.52329452314,5042.517697192041,47060.70525775963,15.681515992817587,803.4895412716807,46272.89723248078,17877.511624709434,64150.40885719021,6000.000000000003,5999.999999999998,1317.718146785322
2025-07-03,84627.64525220694,83310.61764019835,3890.616029967766,53156.135652570694,143.94936869017545,551.979496853048,52748.105524407816,13871.828750802484,66619.9342752103,5999.999999999998,6000.0,3114.653012636056
2025-07-04,71093.81197951933,72867.84616388142,0.0,44078.64337617057,1521.4044154479411,0.0,45600.04779161852,0.0,45600.04779161852,6000.0,6000.000000000001,39875.38187261447
2025-07-05,71431.81462184968,71139.4008178638,8.984275419934647,44436.03010324917,191.27691869156956,104.49048195963648,44522.8165399811,19.208380847820276,44542.02492082892,6000.000000000001,6000.0,38531.28681988452
2025-07-06,77420.67118751761,80904.77324937496,4580.922855945281,49068.92185026602,2824.9326539623603,52.009084425918076,51841.84541980247,18226.718345962796,70068.56376576527,6000.0,5999.999999999999,1368.263027369801
2025-07-07,80907.96311080288,77789.57560318854,2944.56832610007,50534.99413959764,0.0,905.0354129466166,49629.95872665102,10591.074207261907,60221.032933912924,5999.999999999999,6000.000000000001,3493.500496231971
2025-07-08,87317.57973254085,82522.04673165183,1263.3917202603707,55207.85841780774,33.66739464222202,1603.6500176084674,53637.8757948415,5091.484888212644,58729.36068305415,6000.000000000001,6000.0,3931.56653091379
2025-07-09,89731.36250701288,84993.07209884195,553.669269176735,56507.33225095117,4.81102790044165,1627.0632623499196,54885.08001650169,2117.5089722930243,57002.58898879471,6000.0,5999.999999999998,7287.923414549632
2025-07-10,86050.40838052047,83069.04441438708,729.1475243835503,54389.71428236864,273.3300475930232,918.755083640585,53744.289246321074,2070.175201724441,55814.46444804552,5999.999999999998,6000.0,6603.678431251905
2025-07-11,89909.22123333305,87801.53634125718,0.0,56849.877651530114,0.0,757.9449779394026,56091.93267359071,0.0,56091.93267359071,6000.0,6000.0,51027.583999919036
2025-07-12,77553.63547496853,81404.9112643257,0.0,48612.36206217599,3348.7128211539666,0.0,51961.07488332996,0.0,51961.07488332996,6000.0,6000.000000000003,46103.758088345036
2025-07-13,86048.93519306637,78028.17999134543,787.4841769273382,54984.495557153365,0.0,2951.5243351606523,52032.97122199272,3164.1506894540817,55197.1219114468,6000.000000000003,6000.0,5410.6031944774495
2025-07-14,86646.78293211185,81615.56240986241,589.3583944960092,54053.047163643605,0.0,1394.2349146836955,52658.812248959905,2787.867260005939,55446.67950896584,6000.0,5999.999999999999,6315.502431571159
2025-07-15,91994.68856448619,85478.32426580854,344.6901179217466,57922.75136375502,0.0,2134.8383253010225,55787.913038454004,1093.300754806692,56881.21379326069,5999.999999999999,6000.000000000002,8923.399936117337
2025-07-16,87339.89549159759,85553.10760765005,396.16341476746754,55984.17014325582,0.0,799.7726396158127,55184.39750364001,1108.429245361183,56292.82674900119,6000.000000000002,6000.0,9578.76369085888
2025-07-17,85555.76931794846,86281.90962272938,275.3908588440272,54354.289275499774,980.3694832473316,52.12078881103605,55282.53796993608,1093.8447835523186,56376.3827534884,6000.0,6000.000000000001,9668.270927577461
2025-07-18,94614.65027440395,87137.96371247551,0.0,60316.91134787539,537.5301190346206,2915.88979951731,57938.551667392705,0.0,57938.551667392705,6000.000000000001,6000.0,51592.69898605111
2025-07-19,90368.73631753058,80350.63367477994,0.0,57614.16080203315,0.0,3214.9024626414607,54399.25833939169,0.0,54399.25833939169,6000.0,6000.000000000004,49153.17666876315
2025-07-20,90604.38431999317,86121.60497319326,133.92456597524347,56757.55367808667,16.234344845460665,1435.834944724073,55337.953078208055,657.3115791888422,55995.264657396896,6000.000000000004,6000.0,9956.969846049971
2025-07-21,91030.03805229522,88722.27464124878,80.83648656359443,57621.44302162474,0.0,729.2786199392767,56892.16440168547,355.75023847832625,57247.9146401638,6000.0,5999.999999999999,10455.18485860165
2025-07-22,88814.92527262957,89665.84562019368,104.22177132303966,56345.99857693845,1540.7069563410237,360.56467758568374,57526.14085569378,451.4328594171624,57977.57371511094,5999.999999999999,6000.000000000003,11565.192045186097
2025-07-23,99340.25045028496,88557.39558971356,173.6381562855093,63963.88785162689,0.0,3826.611045599097,60137.27680602779,638.0933363312399,60775.37014235903,6000.000000000003,6000.000000000002,10173.973545284118
2025-07-24,101501.47870145517,93467.36080600304,0.0,65479.907040694285,0.0,2909.5858303144814,62570.32121037981,0.0,62570.32121037981,6000.000000000002,6000.000000000002,15408.559756297873
2025-07-25,81746.71762380181,83687.1845324109,0.0,51515.68116086983,1572.0009127196927,8.434285715200279,53079.247787874316,0.0,53079.247787874316,6000.000000000002,6000.0,53026.544620408895
2025-07-26,87583.19295668631,85726.41930841396,0.0,54838.07604416703,28.30343269556062,663.8607053535277,54202.518771509065,0.0,54202.518771509065,6000.0,6000.0,52984.181425931754
2025-07-27,86896.78686460404,85499.65824414283,289.86827740789437,54556.43316586771,513.342358334409,507.46303308409875,54562.31249111802,1043.5495036022014,55605.861994720224,6000.0,5999.999999999999,7886.056599482324
2025-07-28,88398.03458678909,88600.3059847604,677.000370289225,55777.03877765626,486.3777805167648,38.40738865697348,56225.00916951605,2781.2222407715867,59006.23141028764,5999.999999999999,6000.000000000002,7032.505992320143
2025-07-29,88983.14297424602,91779.65434674392,7.733066378417941,56265.610880426815,2653.286351114959,13.845366535814756,58905.05186500596,33.391380622008676,58938.44324562797,6000.000000000002,6000.0,11389.962639857311
2025-07-30,81443.92273459541,88318.20571469418,56.48500066890489,51728.71302282708,6546.40985103634,3.4110611990737256,58271.71181266435,177.8392597661271,58449.55107243048,6000.0,6000.000000000003,9950.114118327121
2025-07-31,83670.4393953646,86933.28548823073,249.23129293994202,52642.742638925025,3562.23930937759,8.56058888441712,56196.42135941819,950.4238042616435,57146.845163679835,6000.000000000003,6000.000000000001,8169.628928832231
2025-08-01,81440.33367917385,75322.936515431,0.0,51583.54968591528,0.0,1906.6314309754903,49676.91825493978,0.0,49676.91825493978,6000.000000000001,5999.999999999998,50263.5698627112
2025-08-02,86634.95706064852,76212.94071175542,29.166673571207753,54554.70266646365,7.757328184795476,3252.228314828851,51310.2316798196,62.35834809524217,51372.59002791484,5999.999999999998,6000.0,51337.94900738293
2025-08-03,70870.8044771644,70033.02200098126,880.310748018921,45187.354608150024,0.0,248.6481646535861,44938.70644349644,3505.4860288294394,48444.19247232588,6000.0,6000.0,4384.795300830958
2025-08-04,74608.56084163181,74567.86233290113,597.78889431962,47988.16601103154,1411.3723742647107,860.01332196813,48539.525063328125,2406.100492645471,50945.625555973595,6000.0,5999.999999999999,5880.632610201814
2025-08-05,74420.22490251335,76510.53138057233,190.5183470853071,47514.185893983624,1505.6806150650796,19.51705098660362,49000.349458062105,804.8418381799327,49805.19129624204,5999.999999999999,6000.000000000002,7620.108631613197
2025-08-06,83001.76414641559,81118.6962592864,137.900442827778,53431.00683601081,11.649637811183121,745.0678011930346,52697.58867262896,492.1032324869668,53189.69190511593,6000.000000000002,6000.000000000001,8987.724007607849
2025-08-07,86811.43388870079,77592.98347403333,188.28705139049492,54340.745877574096,943.3175044562286,2781.4511546817785,52502.61222734855,524.7793765318642,53027.39160388042,6000.000000000001,6000.000000000002,10352.34381865072
2025-08-08,71971.42520592871,71498.2982228914,0.0,45579.766960787405,9.393353202148534,129.58037321039455,45459.57994077916,0.0,45459.57994077916,6000.000000000002,6000.000000000002,51669.15305588834
2025-08-09,74246.02364859899,71679.57352655212,0.0,46707.916063636294,19.650972935975048,640.6179884178059,46086.94904815446,0.0,46086.94904815446,6000.000000000002,5999.999999999999,49103.91511456449
2025-08-10,75394.48210445559,72918.56629457627,805.3232379739527,48039.94404988013,0.0,831.2243060314123,47208.71974384872,2823.534559943627,50032.254303792346,5999.999999999999,6000.0,4636.920450781112
2025-08-11,75242.79325000901,74965.56336593174,689.018501940302,46895.37473409476,570.34000652295,173.97229892599512,47291.74244169172,2584.628436453372,49876.37087814509,6000.0,6000.000000000002,7144.248833928271
2025-08-12,79374.24606085246,77288.2090220352,738.8482628726271,49449.98426090567,627.4173656503945,667.1157031128124,49410.285923443254,2800.197340691219,52210.48326413448,6000.000000000002,6000.0,6379.033693466662
2025-08-13,74866.43671688049,75261.25291723022,570.2358809201774,46948.13678695727,471.60437108648046,23.55330331526792,47396.18785472848,2208.057151296216,49604.24500602469,6000.0,5999.999999999996,5944.402330909568
2025-08-14,77693.70559440658,78013.45953111726,214.0348592277075,49526.479583426604,423.06235373343725,100.86620597489542,49848.67573118515,690.194158829274,50538.86989001442,5999.999999999996,6000.0,8232.744443741216
2025-08-15,83540.20769182859,73144.77358680741,0.0,52677.60800133947,22.964324106941334,3284.9679920609397,49415.60433338546,0.0,49415.60433338546,6000.0,5999.999999999997,51951.21658191953
2025-08-16,77419.40215308563,68902.26000819294,0.0,49345.836085051415,0.0,2727.032702304933,46618.80338274648,0.0,46618.80338274648,5999.999999999997,6000.000000000002,48446.77096372502
2025-08-17,75045.3655192864,70865.52372110641,1274.6965396476892,46488.69081026467,550.7079702915586,1084.6720034947725,45954.72677706145,5654.191921302672,51608.91869836412,6000.000000000002,6000.0,5156.037622474152
2025-08-18,74592.62999071507,72562.267239549,944.5326113305622,47217.53364431002,0.0,668.2738342081566,46549.25981010187,3942.2749412421513,50491.53475134402,6000.0,5999.999999999997,5156.828711387534
2025-08-19,75170.13808927368,73637.40966931099,733.8697672326482,47528.41816935003,5.057671474806312,365.25885796276737,47168.21698286207,3276.3843077855086,50444.60129064757,5999.999999999997,6000.0,6368.21697427355
2025-08-20,83445.365061011,79682.1718624668,649.8866514706779,52079.854298781094,571.9033659761278,1195.7154195051667,51456.04224525206,2679.0008329081147,54135.043078160175,6000.0,5999.999999999999,5506.521393472155
2025-08-21,80860.11848424537,78010.24172040126,211.69134588143572,50729.74907315282,4.845244830064605,741.8166319548959,49992.77768602799,751.733555412411,50744.5112414404,5999.999999999999,5999.999999999999,8188.530149769353
2025-08-22,76304.7411831244,71531.07469232369,0.0,48577.89933461037,0.0,1395.318013497024,47182.58132111335,0.0,47182.58132111335,5999.999999999999,6000.000000000001,46620.848573226474
2025-08-23,71180.36113064688,69184.97531101167,0.0,44282.92235664568,766.1883309408245,627.7108493518098,44421.39983823469,0.0,44421.39983823469,6000.000000000001,6000.000000000002,42871.4374672353
2025-08-24,72015.68736099095,70065.29261398403,1191.8371932238665,46135.689235825674,0.0,587.7966622806653,45547.892573545,4540.3240840032595,50088.21665754826,6000.000000000002,6000.000000000002,3404.0888938375347
2025-08-25,94156.3199063568,78579.49812546997,713.3245536497027,59798.17076131152,22.14991537983673,5149.062822576764,54671.25785411459,2426.61384212538,57097.87169623997,6000.000000000002,5999.999999999998,4414.146870943062
2025-08-26,76617.97537978392,75076.73962953422,359.94821922360063,49225.61604285249,0.0,516.2263814491419,48709.38966140335,1091.6968995237792,49801.08656092713,5999.999999999998,5999.999999999999,5942.591716350523
2025-08-27,76562.73328393608,78162.873623071,270.96356441904294,48938.56505387191,1654.037396479595,15.1096484896002,50577.4928018619,1089.2063045207503,51666.69910638265,5999.999999999999,6000.000000000002,6573.291659744729
2025-08-28,76710.04101496359,79810.5688001363,779.580910246424,48055.177404689086,3405.5841170495223,5.7455534058866045,51455.01596833272,3089.1177398352947,54544.13370816802,6000.000000000002,6000.000000000002,5756.02643585931
2025-08-29,84371.20127697673,75089.06862762914,0.0,53322.29342470912,18.047782283340084,2913.9169685619545,50426.4242384305,0.0,50426.4242384305,6000.000000000002,6000.000000000002,48452.52080228075
2025-08-30,76186.99928371559,69119.76033730202,15.235861178941946,48481.05804764999,0.0,2092.3384224299093,46388.719625220074,32.574271200577876,46421.293896420655,6000.000000000002,6000.0,46736.4538916187
2025-08-31,70089.27526326108,71363.07152391717,2122.6705461573383,44826.739363922825,865.6624356241898,0.0,45692.40179954701,8696.115065346607,54388.51686489362,6000.0,5999.999999999998,2969.6285899905156
2025-09-01,81105.16651463759,74622.17267648315,11.624483568014966,50451.606132635665,158.79570914998158,1815.1861950487416,48795.215646736906,49.99109158424836,48845.206738321154,5999.999999999998,6000.000000000004,17160.74247677278
2025-09-02,70945.60661555732,71605.03657045926,15.989871938095462,44514.31996390862,1515.034871687147,247.17672273320693,45782.17811286256,64.6363625381866,45846.814475400744,6000.000000000004,6000.000000000003,13569.666308569267
2025-09-03,76123.6841865782,73091.72760523774,0.0,47943.475654428046,269.0646222226341,853.8939048974612,47358.64637175322,0.0,47358.64637175322,6000.000000000003,5999.999999999999,13716.19327413101
2025-09-04,71465.78663384449,70817.23901950497,314.8900303680361,45762.44788426462,105.86208644261475,239.05314265793754,45629.2568280493,761.357964670582,46390.61479271988,5999.999999999999,6000.000000000002,13122.929264535163
2025-09-05,66696.62990060079,65394.20089206031,0.0,42617.9415225308,0.0,587.247525248818,42030.69399728198,0.0,42030.69399728198,6000.000000000002,6000.000000000002,54698.02357657043
2025-09-06,63694.82063753795,63025.75030437067,0.0,40143.98398600161,14.736354266681174,254.72312156951756,39903.99721869877,0.0,39903.99721869877,6000.000000000002,6000.0,51240.214098552664
2025-09-07,63578.76157140994,66670.1924565337,341.51189774036055,40226.129257840235,2271.0313343638354,5.568326620721028,42491.59226558335,1630.7775872115092,44122.36985279486,6000.0,6000.000000000002,8102.534563896856
2025-09-08,72711.68610882758,71688.44644303959,99.49474971378572,44990.477777263135,1094.1576681481824,501.5651846058545,45583.07026080547,241.55193484051415,45824.622195645985,6000.000000000002,6000.000000000007,8283.79712739267
2025-09-09,63055.88019640533,63589.43634497893,458.9028941528532,39863.906286872116,959.5687704942561,72.60427294348426,40750.87078442289,1410.8290792363591,42161.699863659254,6000.000000000007,6000.000000000002,6994.792745486993
2025-09-10,75619.76167878199,72967.90970185537,95.14207087211074,46950.900086620415,273.04669742597935,850.6358030666019,46373.31098097979,337.5821202932731,46710.89310127306,6000.000000000002,6000.000000000002,7407.049359505004
2025-09-11,75280.0462680554,65999.6139600807,84.80925415314863,46970.04257398301,0.0,2640.9293831853006,44329.11319079771,378.5137381257596,44707.62692892347,6000.000000000002,6000.000000000002,8522.357829436183
2025-09-12,62449.79988330135,63452.22910430353,0.0,39469.11222941956,673.6524400470192,1.9513515090657978,40140.81331795751,0.0,40140.81331795751,6000.000000000002,6000.0,47818.2161334457
2025-09-13,59481.18672317336,59607.8464083704,0.0,37308.173254598456,240.2179893658631,34.632598740021244,37513.758645224305,0.0,37513.758645224305,6000.0,6000.000000000002,47586.47900128286
2025-09-14,73029.71759787775,68768.57420922819,443.8705540140591,45423.465857069634,0.0,1466.2351013205287,43957.23075574911,1465.3121864811583,45422.54294223027,6000.000000000002,6000.000000000002,5019.946816743942
2025-09-15,61497.99408683006,61368.66819150942,1531.6576980751813,38702.924022581166,0.0,41.33761323764172,38661.58640934352,6071.821041870754,44733.407451214276,6000.000000000002,6000.000000000002,3734.2939282259663
2025-09-16,73101.8067356526,67485.5884432143,956.8720431459956,44844.77218607984,0.0,1715.9686234290652,43128.80356265078,3380.909826382831,46509.71338903361,6000.000000000002,6000.000000000001,4831.58950633345
2025-09-17,71235.64262765739,67257.95631188815,691.1118953427325,44699.593381685685,341.1749243839902,1552.2495103133524,43488.51879575632,2271.766050982498,45760.28484673882,6000.000000000001,6000.000000000002,3906.2639036754877
2025-09-18,64460.16811628803,68096.7669480595,523.0732840364237,40439.4938468208,2606.5929277330806,0.0,43046.08677455387,2093.3378939898557,45139.424668543725,6000.000000000002,6000.0,5538.2591228350675
2025-09-19,67414.0644121549,66725.62430965842,0.0,41431.39305777996,7.0088819057396,202.57835854100495,41235.8235811447,0.0,41235.8235811447,6000.0,6000.000000000003,46548.235431001434
2025-09-20,63423.61401058614,61912.25025422703,0.0,39389.058907761086,116.84354653935975,657.617310197124,38848.28514410333,0.0,38848.28514410333,6000.000000000003,6000.000000000002,42194.25020820898
2025-09-21,66836.1935284549,63346.10423404806,1957.340291071504,40868.36832996473,0.0,964.0851371160868,39904.28319284864,8039.1642908059575,47943.4474836546,6000.000000000002,5999.999999999999,3094.444097390142
2025-09-22,74063.70664260114,64979.20602252169,1921.5766259560496,46037.58743979898,0.0,2896.1666358677567,43141.420803931236,6542.41380216202,49683.83460609325,5999.999999999999,6000.0,2184.0344438808925
2025-09-23,72870.32454110433,68194.26915206379,956.6038961573597,45316.9798173815,0.0,1520.1310052305835,43796.84881215091,4101.150069719261,47897.99888187017,6000.0,6000.000000000004,2883.9089029898996
2025-09-24,61579.733592728604,63873.859967243276,2510.829265492146,38839.03203822974,1695.6688694295528,0.0,40534.700907659295,8022.766900638915,48557.467808298214,6000.000000000004,6000.000000000001,1372.917415090679
2025-09-25,69815.94006192603,69899.71007759267,977.5220000155977,43500.80416586354,614.6346436311298,153.3077532920111,43962.131056202656,3356.5722649031986,47318.70332110585,6000.000000000001,6000.000000000003,6515.686298346589
2025-09-26,73913.2026809873,69894.89996450872,0.0,45881.976098467174,0.0,1353.0242868906719,44528.951811576495,0.0,44528.951811576495,6000.000000000003,6000.000000000004,48082.3145792017
2025-09-27,57915.28756194032,61284.1031568051,19.122591019284528,35887.05266390687,2639.37819758335,1.4515778090000935,38524.97928368123,40.88409959923032,38565.863383280455,6000.000000000004,5999.999999999999,39405.912340119045
2025-09-28,62841.89700125785,66000.27617821109,3279.7409100668947,38599.36578282604,2638.768831764365,0.0,41238.1346145904,12665.713726220834,53903.84834081124,5999.999999999999,5999.999999999999,1762.3725531548894
2025-09-29,70333.39087324226,64428.693641254584,3456.1702287783123,43686.151259740545,0.0,1856.8827236124325,41829.26853612811,13248.741839825809,55078.01037595392,5999.999999999999,6000.000000000001,1019.4648718308441
2025-09-30,70655.6691190771,71056.15058781943,1600.6820842670809,44304.31833073219,665.5765385963189,41.230464350475735,44928.66440497804,6407.965989851022,51336.63039482906,6000.000000000001,5999.999999999999,2962.469205970846
2025-10-01,69046.49618587938,64423.706756542284,91.80757319627162,42520.16725707956,165.2433270861756,1241.478498573303,41443.932085592445,239.31200615126588,41683.24409174371,5999.999999999999,5999.999999999997,10708.162889529463
2025-10-02,76668.52989126823,66950.46223321563,92.95028015841217,48019.318937625125,3.4272488846909255e-12,3138.981796138162,44880.33714148696,202.74240447170388,45083.079545958666,5999.999999999997,6000.000000000002,11241.430073876185
2025-10-03,65310.80146390767,61332.56003052658,0.0,39850.1349122386,9.293256172008823,969.5382626846523,38889.88990572596,0.0,38889.88990572596,6000.000000000002,6000.000000000001,49431.60454388225
2025-10-04,73871.40173778484,61221.94994460493,0.0,45086.313527672224,0.0,3839.8242896060274,41246.489238066206,0.0,41246.489238066206,6000.000000000001,6000.000000000002,44052.5997249629
2025-10-05,67943.00791297709,61741.43088677699,992.6866037459275,41122.05696322077,87.33932840596502,1708.317564976507,39501.07872665023,3022.6589569096786,42523.737683559906,6000.000000000002,6000.000000000001,3918.9304976122735
2025-10-06,60497.36762911927,61737.6602368073,1925.6314762118955,37428.19179139995,848.7095540471719,2.0846811022448812,38274.81666434488,6859.599967579648,45134.41663192453,6000.000000000001,6000.0,1871.1220851379348
2025-10-07,65914.53930470598,65777.39810359754,563.6533877450705,39937.865089951796,1003.620426769349,231.59594636358892,40709.88957035756,1932.6030376037988,42642.49260796136,6000.0,6000.0,4502.894320085254
2025-10-08,66374.60931138444,65091.544447696266,205.37959227482366,40539.28899121086,2.122590103681432e-13,302.5230192421292,40236.76597196873,735.9886112059885,40972.75458317472,6000.0,6000.0,4748.015938038316
2025-10-09,75247.61079197127,65265.40920755404,135.6350735795511,46299.61972596735,49.939835881133234,3037.0935114779195,43312.46605037057,459.28404905174295,43771.75009942231,6000.0,6000.000000000001,5564.884717301729
2025-10-10,69069.00034996818,63024.07066156011,0.0,42331.38136898019,0.0,1835.1460611333673,40496.23530784683,0.0,40496.23530784683,6000.000000000001,6000.000000000002,49619.0325242231
2025-10-11,68174.69114259347,63496.028722914634,6.825857550449314,41151.359462473105,0.0,1324.5982671293411,39826.761195343766,14.593683442860632,39841.354878786624,6000.000000000002,6000.000000000003,45315.881154887546
2025-10-12,62647.061746978594,61762.376530632464,2693.5455459124323,37463.55929875151,480.0713003383936,278.55475817919506,37665.07584091071,11459.065701805073,49124.14154271578,6000.000000000003,6000.0,2067.44657534799
2025-10-13,67071.15249892994,61869.74315504389,1738.839487341099,40543.087422250086,377.9122244519772,1548.853960421486,39372.14568628057,7026.966438935637,46399.11212521621,6000.0,6000.000000000001,2525.0322067590128
2025-10-14,71720.9118756212,66993.53732265672,1014.7944872000028,43843.54193054168,234.1194611625773,1331.2262473314465,42746.43514437281,3446.1616926113843,46192.596836984194,6000.000000000001,6000.000000000001,3106.934752051342
2025-10-15,75200.6219422589,70404.18624348601,267.71585682945727,46420.902196772826,0.0,1615.770794641861,44805.131402130966,736.5551889249164,45541.686591055884,6000.000000000001,6000.0,4558.240311459966
2025-10-16,72468.34436397816,72777.45285771762,143.94310307245388,44908.89830214158,507.3810978379143,30.98781950533739,45385.29158047415,486.8142120898647,45872.10579256401,6000.0,6000.000000000002,5668.6807261414815
2025-10-17,58182.2828421794,65934.18372758752,0.0,35272.25018490873,7328.398794815682,0.0,42600.648979724414,0.0,42600.648979724414,6000.000000000002,5999.999999999999,45779.30406015649
2025-10-18,68070.22346158388,65229.7832905168,0.0,41006.720267169716,523.780676415172,1083.9518588910903,40446.549084693805,0.0,40446.549084693805,5999.999999999999,6000.000000000005,44998.257368491
2025-10-19,69349.59950186429,67459.40438109545,1936.5195011343756,42418.82135137597,0.0,540.3639463193747,41878.4574050566,8742.235477939907,50620.6928829965,6000.000000000005,5999.999999999999,1351.9121417942215
2025-10-20,74184.99217276344,72485.72061873684,711.7040171969172,45882.459720011335,0.0,595.1535164048229,45287.306203606524,3102.7374170612748,48390.0436206678,5999.999999999999,5999.999999999997,4506.045397031487
2025-10-21,73868.96170332067,73639.53707482049,633.8907098539373,45313.04447982324,457.3521429949517,265.0430386072054,45505.353584210985,2302.940416587829,47808.294000798815,5999.999999999997,6000.0,3447.2054115901356
2025-10-22,72812.4037615956,73841.53460997032,422.4349979516518,45156.80977386962,894.3269639396027,11.261636887955703,46039.87510092127,1757.689508818426,47797.5646097397,6000.0,6000.0,4395.842429323593
2025-10-23,83127.58227345638,72663.25712904334,282.01706505683404,51471.12289293727,864.003384927553,3552.799615906475,48782.32666195834,1123.8755258358437,49906.20218779418,6000.0,5999.999999999998,5246.833795503514
2025-10-24,68010.27169443734,69430.49893036243,0.0,41683.36307207665,1971.4032094706372,96.21096627746704,43558.55531526981,0.0,43558.55531526981,5999.999999999998,6000.000000000001,46938.37830402466
2025-10-25,71513.470983585,68457.74576697664,0.0,43239.415441619305,224.97764546858735,920.280667135858,42544.11241995204,0.0,42544.11241995204,6000.000000000001,6000.0,44845.46739031232
2025-10-26,71327.37360011297,68058.66793573406,1947.2286783199856,43390.852602490486,1311.593906030508,1470.572230311636,43231.874278209354,7758.114110785381,50989.98838899474,6000.0,5999.999999999998,1288.4721998454024
2025-10-27,67298.93295924913,70247.14546075644,989.6918602930401,41353.350885319356,2886.9737951811358,4.4376356895193805,44235.887044810974,4202.223337704265,48438.11038251524,5999.999999999998,6000.000000000002,3484.1626189403823
2025-10-28,69203.49050451342,71682.93322025897,817.4454436184924,42792.55779362747,2466.105878260455,9.04098223642907,45249.6226896515,2900.680242474878,48150.302932126375,6000.000000000002,6000.000000000005,2384.0709085375547
2025-10-29,77845.00559323639,78214.23631829728,373.6741730673788,48091.819898395144,464.67571113877875,34.8907589783345,48521.60485055558,1695.3148468326815,50216.919697388264,6000.000000000005,6000.0,4726.082652513922
2025-10-30,71438.26235327979,72878.34508098708,432.42201312155123,44221.96097856433,1653.7248695310054,0.0,45875.68584809534,1812.9998758409286,47688.685723936265,6000.0,6000.0,4253.452856658325
2025-10-31,77052.45377974947,75421.98344491483,0.0,47668.17764886444,0.0,619.2004527505075,47048.97719611393,0.0,47048.97719611393,6000.0,6000.0,47058.52997945105
2025-11-01,69485.05271469007,70243.12534280094,5.029640906052464,42234.36543621705,731.5473830634623,0.8646569307933405,42965.04816234972,10.753372257140168,42975.80153460686,6000.0,6000.0,43450.50625352531
2025-11-02,73454.63249049862,74065.37020681743,1690.4083846809924,45465.82125135033,1245.9166477760873,358.2194282293146,46353.51847089711,7363.099356887271,53716.61782778438,6000.0,6000.000000000002,2393.668519482316
2025-11-03,77963.44716447618,75770.08849536041,983.2613216990627,47958.46038970402,6.820548797134111,696.0047078096413,47269.27623069152,3546.8320385552315,50816.108269246746,6000.000000000002,6000.000000000002,2906.690927836422
2025-11-04,73993.7856264732,74286.64704252972,991.2008903733175,45808.55564825641,268.150867055026,2.4824171749806205,46074.22409813646,4450.802052977277,50525.026151113736,6000.000000000002,6000.000000000002,3399.3293841304894
2025-11-05,82829.3770619107,78078.93583631213,433.51016531123486,51816.00065106517,127.76009008337755,1670.52252210368,50273.23821904487,1402.8451520799656,51676.083371124834,6000.000000000002,6000.000000000001,4433.719108001101
2025-11-06,80361.82396494504,80717.320575752,211.29799422156032,50170.78076881118,970.3046440969187,130.97871620429459,51010.1066967038,709.673070048602,51719.7797667524,6000.000000000001,6000.0,5172.518617311802
2025-11-07,74444.09978285845,75664.86828013274,0.0,46247.20611338822,1104.7080657737197,0.0,47351.91417916194,0.0,47351.91417916194,6000.0,6000.0,48038.351023701085
2025-11-08,76769.79294133408,73451.32807479842,3.8662169851469343,47349.24504495967,0.0,1176.4292262315075,46172.815818728166,8.265971914244146,46181.08179064241,6000.0,5999.999999999996,45292.088392766425
2025-11-09,76700.62435642754,76721.12084202934,1311.3096506308118,47428.92070414818,75.39550206563943,9.686227070736404,47494.62997914308,5381.574178772818,52876.2041579159,5999.999999999996,6000.000000000005,2184.1712087954256
2025-11-10,79106.79050342148,80303.72453418298,922.6825335432021,49309.431372088206,1712.5257956818168,265.52493524891486,50756.43223252111,3629.2853383289157,54385.71757085003,6000.000000000005,6000.000000000002,2847.607932676557
2025-11-11,84031.2209289559,79921.73922874936,260.1896378113518,53050.69375581255,0.0,1504.5535017215154,51546.14025409103,825.9766931240458,52372.11694721507,6000.000000000002,6000.0,4299.668986931817
2025-11-12,80109.31419696496,80588.44207948013,165.69634037277896,50067.11967448343,1314.06750009592,195.5097521839176,51185.67742239543,702.3178291580607,51887.99525155349,6000.0,6000.000000000001,5357.747024817221
2025-11-13,80960.74217535934,80926.78041613,510.81046954234705,51071.89257150865,570.2518845716553,223.11580687592104,51419.02864920438,1625.878666333634,53044.90731553802,6000.000000000001,6000.0000000000055,4683.502190260936
2025-11-14,79450.20306108594,78283.14644746488,0.0,49357.721711262624,42.77217307620305,365.31760264976606,49035.17628168906,0.0,49035.17628168906,6000.0000000000055,6000.0,46165.18858617
2025-11-15,81992.23117162472,76087.27805406127,0.0,51192.850117680755,0.0,2073.8674335536175,49118.98268412714,0.0,49118.98268412714,6000.0,5999.999999999998,43533.28686356594
2025-11-16,78091.43156395556,78614.2072422238,1801.7070923250506,48423.03977189936,808.2028750903594,24.964023154855365,49206.27862383486,7666.026666132331,56872.3052899672,5999.999999999998,5999.999999999998,1534.2377101535835
2025-11-17,76229.64515915149,78873.34901588912,761.3485778372406,47566.59246919617,2619.686625755761,0.0,50186.27909495193,2889.4068747725732,53075.68596972451,5999.999999999998,6000.000000000002,2557.491124809152
2025-11-18,81333.12234448889,80983.75644246119,896.5586367700948,50962.514920380534,0.0,118.40337843409046,50844.11154194644,3176.870130313857,54020.9816722603,6000.000000000002,6000.0,2378.4046533569226
2025-11-19,81899.27409966054,84073.77893568415,311.58225669383216,51412.03559443891,2431.545420368319,33.81575511600708,53809.76525969122,1037.3396474024935,54847.104907093715,6000.0,6000.000000000005,4433.576164498238
2025-11-20,83990.9710626367,84047.9990399027,137.75291668576415,53017.69026152002,118.04505885230664,15.412948833591031,53120.322371538736,407.8583010410092,53528.18067257974,6000.000000000005,6000.0,4820.067416061664
2025-11-21,80045.67221233959,80530.37809871756,0.0,49944.365075157504,373.17561060737245,6.043364370021042,50311.497321394854,0.0,50311.497321394854,6000.0,6000.000000000002,47230.948924452976
2025-11-22,84588.49767554144,79336.7027165098,0.0,53088.17115303984,0.0,1856.5887553144248,51231.58239772542,0.0,51231.58239772542,6000.000000000002,6000.000000000004,44722.4177176249
2025-11-23,78767.88202402234,79121.47272167684,1789.2516839649884,49058.23102997738,773.4054653607543,91.90421170917111,49739.73228362897,7080.129025964504,56819.86130959347,6000.000000000004,5999.999999999999,1206.375584652861
2025-11-24,78559.18715888847,78637.86202122443,1552.4267525840332,49137.9000703708,73.6524981332788,6.046188830048944,49205.50637967402,5803.568263844697,55009.07464351872,5999.999999999999,5999.999999999999,1582.61194799854
2025-11-25,92301.82867494653,84455.8452410151,333.4251734392526,58917.46897955111,7.798794087882301,2801.722941170805,56123.544832468186,1125.4316141590634,57248.976446627246,5999.999999999999,6000.000000000001,4116.883635588278
2025-11-26,87049.15139385451,85771.21416660363,340.6357797580931,54950.12776900883,57.34796898902253,450.2205255807844,54557.255212417076,1290.7726142210386,55848.027826638114,6000.000000000001,6000.0,4654.40071089825
2025-11-27,86573.75281445854,86375.681806233,93.80277461645744,54831.8497413248,19.328844084425185,78.40284521888074,54772.77574019034,406.5722807122978,55179.34802090263,6000.0,6000.000000000002,6015.358681727193
2025-11-28,82795.38117394531,82309.15286425894,0.0,51986.778196631814,103.3555592393748,220.65199384799584,51869.48176202319,0.0,51869.48176202319,6000.000000000002,6000.0,46879.819905603144
2025-11-29,90509.18050789989,84488.39511825671,17.487523588538124,56997.39103486769,0.0,2079.514577184239,54917.876457683444,37.38832543229451,54955.26478311574,6000.0,6000.000000000002,44935.73325016686
2025-11-30,84034.98470492291,83959.00206990019,1865.8190208279748,52422.983696376796,510.6041204647904,127.70043023335984,52805.88738660822,8251.59464250454,61057.48202911276,6000.000000000002,6000.000000000004,993.3904528517462
2025-12-01,89477.5471138225,84694.7471093187,6842.810940702444,57052.73635440189,0.0,1761.2104918982354,55291.52586250365,25049.23765068195,80340.76351318561,6000.000000000004,5999.999999999998,573.3897615259684
2025-12-02,94293.00664694273,90077.6804664201,4262.9963981033125,60150.807037450904,1.7294941379039592,1452.1457368895014,58700.39079469931,15798.136004502008,74498.52679920133,5999.999999999998,5999.999999999999,959.4531589871403
2025-12-03,87498.90513481406,90444.67738025697,2933.283841695102,55662.92361406825,2790.5286844842776,0.0,58453.452298552525,9963.696564988602,68417.14886354112,5999.999999999999,6000.000000000003,1469.9620597182914
2025-12-04,97504.79086194761,92694.24133794999,1598.8544031450524,63180.91136999571,0.0,1879.9861022915657,61300.925267704144,5434.931844914183,66735.85711261832,6000.000000000003,6000.000000000002,2755.3898096259018
2025-12-05,93302.50297616536,91768.56416927799,0.0,59700.714642819636,8.77848315480909,580.1465702882101,59129.346555686236,0.0,59129.346555686236,6000.000000000002,5999.999999999999,45640.68636065049
2025-12-06,92624.70418491401,90521.85600763727,0.0,58830.1754314757,0.0,820.2703710426847,58009.905060433026,0.0,58009.905060433026,5999.999999999999,5999.999999999997,42138.82756800257
2025-12-07,97190.13262064973,90626.84952602134,2934.022723007588,62064.53237287544,0.0,2305.1602399535136,59759.372132921926,10965.782266621467,70725.15439954339,5999.999999999997,6000.000000000001,1123.6022481100958
2025-12-08,99113.06576635988,96310.87259293607,475.93523964054026,63670.661637080535,6.426091658795485e-13,999.0853336815337,62671.576303399,1574.2115999463194,64245.78790334532,6000.000000000001,5999.999999999998,4243.79658832322
2025-12-09,98570.74818828708,96192.71245684198,501.66272137094586,63394.52409455714,0.0,816.2560894493758,62578.26800510776,2092.424648102483,64670.692653210244,5999.999999999998,6000.0,4457.23305998611
2025-12-10,96759.39767248658,96720.12206851329,665.718916625297,62117.70148707644,358.81583793745773,223.0735803776539,62253.44374463623,2615.1851589436997,64868.62890357993,6000.0,6000.0,4151.6416109501415
2025-12-11,100569.30392567615,97681.23360233402,141.22646287588074,64778.006211775406,7.2533122393697935,1055.6154995374163,63729.64402447736,545.9909685266717,64275.63499300403,6000.0,5999.999999999996,7111.207761116259
2025-12-12,96010.78494997331,97089.53496750304,0.0,61270.72287370747,1204.7638545127284,11.872766815900862,62463.6139614043,0.0,62463.6139614043,5999.999999999996,6000.0,48591.092524621316
2025-12-13,94497.35591162636,92699.20103687678,0.0,60178.27488457519,330.2193715010514,788.7001516266055,59719.79410444964,0.0,59719.79410444964,6000.0,6000.000000000001,44188.86653750471
2025-12-14,91557.91634172754,93391.23462548981,1685.750213233242,58020.39649532002,1763.8345956090045,1.8056014505997933,59782.425489478424,7512.118026868307,67294.54351634673,6000.000000000001,6000.000000000001,1535.0250607491212
2025-12-15,92838.08646366002,95416.0556491572,1014.4503379049127,59021.51106891708,2481.1680267013303,6.7706899293861955,61495.90840568902,4096.208977953631,65592.11738364265,6000.000000000001,6000.000000000002,2194.310603214167
2025-12-16,101612.09650533556,98673.40345808092,187.68793133146357,65887.86112861472,0.0,1190.2194323762237,64697.6416962385,550.8088040441297,65248.450500282626,6000.000000000002,6000.000000000002,4670.825339422225
2025-12-17,101810.9490176172,99494.2437302075,138.7847390465543,65621.91208315964,11.438356909868558,709.4814275031576,64923.86901256636,494.8028088705694,65418.67182143693,6000.000000000002,6000.000000000004,6691.997287000144
2025-12-18,99805.22074135375,99212.54538275182,96.05344461674053,64638.31907862084,0.0,192.0197288912806,64446.29934972957,204.58210054578075,64650.88145027535,6000.000000000004,6000.0000000000055,7146.6695523604185
2025-12-19,94953.11298798399,95740.47499832136,0.0,60707.68643381678,630.7917658365207,31.83937535764474,61306.63882429565,0.0,61306.63882429565,6000.0000000000055,5999.999999999998,47983.311889334924
2025-12-20,95524.05277442202,93702.50102418612,0.0,60986.59530351968,0.0,721.2295184886709,60265.36578503101,0.0,60265.36578503101,5999.999999999998,5999.999999999993,46075.76996175795
2025-12-21,95608.86431580491,95643.20470575734,1180.1269400672534,60829.286068380934,766.523401083866,223.00453323252458,61372.80493623228,4538.743029310493,65911.54796554278,5999.999999999993,6000.0,3052.0824732371066
2025-12-22,95606.51758519167,96137.47966707447,697.7334828489147,61238.187587908906,456.4641546144235,0.0,61694.65174252333,2952.4616436175684,64647.1133861409,6000.0,6000.0,3126.3593612174086
2025-12-23,101302.11434527318,98713.87275976327,70.29215140633738,65223.35131134324,0.0,900.911202531771,64322.440108811476,337.3473962400801,64659.78750505156,6000.0,6000.0,6725.576693756312
2025-12-24,99960.47070498508,99836.40684159062,59.20049292678084,64682.01423637236,0.897795535710827,48.572461172459526,64634.33957073561,126.93962308874652,64761.27919382435,6000.0,6000.0,7163.141751145479
2025-12-25,97649.75226308889,99265.76111205356,205.08803671314652,62837.149296007374,1545.5416689215986,0.0,64382.690964928974,586.2776836855522,64968.96864861453,6000.0,5999.999999999997,6842.334017474648
2025-12-26,97208.51667873285,97233.2024024838,0.0,62303.2068704782,165.99980994055932,22.506858180358098,62446.69982223839,0.0,62446.69982223839,5999.999999999997,5999.999999999998,49375.218558710905
2025-12-27,95037.23951093465,95267.34142799655,0.0,60333.831025484964,525.3469768525571,53.57022874925161,60805.60777358827,0.0,60805.60777358827,5999.999999999998,6000.000000000002,47070.40791195407
2025-12-28,97495.22691811249,96169.1001362931,350.31117960030156,62368.967024657366,0.0,511.8227609829936,61857.14426367438,1705.9671669492964,63563.11143062368,6000.000000000002,6000.0,4999.559954058066
2025-12-29,96470.08650620206,97214.82104156693,278.63809244789735,61343.85212018443,782.5586581301743,19.824227585268595,62106.58655072934,1178.5488016656193,63285.13535239496,6000.0,5999.999999999999,5202.107234873878
2025-12-30,98543.89170243725,95869.81230500416,183.1081186869073,63255.326718685275,40.405284995457805,929.294371686973,62366.43763199376,736.3420412688349,63102.779673262594,5999.999999999999,6000.0,5080.580131327968
2025-12-31,99969.95011760443,98919.68692578937,198.51990941295492,63999.12770407145,0.0,246.2067835333601,63752.92092053808,597.4800583179968,64350.40097885608,6000.0,6000.000000000003,5640.165240777498
