date,planned_kwh,executed_normal_kwh,planned_cost_yuan,adjustment_cost_yuan,emergency_cost_yuan,cash_cost_yuan,emergency_kwh,unused_kwh,charge_kwh,discharge_kwh,up_kwh,down_kwh,initial_kwh,terminal_kwh,solver_runtime_s
2025-02-01,49821.27274850602,47182.771722030084,21564.93924639082,-626.249178346055,526.862928090894,21465.55299613566,125.38740793775742,8948.408817763615,20955.654625636278,16974.08024676539,0.0,2638.5010264759358,6000.000000000004,6000.000000000002,0.1303191999977571
2025-02-02,94362.5663052955,91637.93220867268,66564.35672027004,-1105.5223769541542,194.7466226042996,65653.58096592018,35.193660339117855,8755.028520100564,24009.575783743283,19447.756384832057,0.0,2724.6340966228436,6000.000000000002,6000.000000000002,0.12281499999880907
2025-02-03,95142.30111125018,90310.1233604789,68415.22855663027,-2074.8328380562666,1129.1640564527752,67469.55977502679,231.48904847663005,5834.418214066353,23633.040499416682,19142.762804527516,0.0,4832.177750771282,6000.000000000002,6000.0,0.12701910000032512
2025-02-04,96339.88098707645,92093.91360127201,69703.8080166352,-1873.9186367645348,631.7666854476663,68461.65606531834,206.6771381185457,6463.229375965035,24434.196912765852,19791.699499340342,0.0,4245.967385804448,6000.0,5999.999999999996,0.13136870000016643
2025-02-05,90144.32391394473,89550.84589730084,63925.74187409439,-272.74350800727865,1803.636542178867,65456.63490826598,376.1207085068625,4542.098391059399,24402.322270605113,19765.881039190142,1.3782999999998538,594.8563166438787,5999.999999999996,6000.0,0.14757169999938924
2025-02-06,95516.50875990931,88451.70223271372,68653.02871923234,-3145.3798103271893,1676.4908072062094,67184.13971611136,376.1793990478968,3919.7428019002473,24405.692701024782,19768.61108783007,0.0,7064.80652719559,6000.0,6000.000000000002,0.1407720999995945
2025-02-07,47160.02657822012,43195.96808844127,19799.187275786622,-833.7779636726716,179.62002499580882,19145.02933710976,33.26443005327258,7522.189773867287,20533.48988400307,16632.126806042488,0.0,3964.0584897788517,6000.000000000002,6000.0,0.14400739999837242
2025-02-08,38276.72548980823,38444.9077738555,15900.36616401939,167.87906274564477,2086.691624192119,18154.936850957154,581.6902509666418,3809.848488299524,19155.720104504984,15516.133284649037,168.18228404726608,0.0,6000.0,6000.000000000002,0.14807659999496536
2025-02-09,90100.60708037065,88330.09764729565,63372.57813907595,-803.1768929669536,1819.4499064858371,64388.851152594834,402.56305489596014,4607.477650294382,24051.405711739742,19481.63862650919,0.0,1770.5094330750032,6000.000000000002,6000.000000000002,0.14333350000379141
2025-02-10,86336.83604133976,82098.77139008825,58789.331102256896,-1718.8622055611377,2102.9586471599623,59173.42754385572,662.7174172465275,3980.80304979917,23442.358811590988,18988.3106373887,0.0,4238.064651251505,6000.000000000002,6000.0,0.14399319999938598
2025-02-11,87152.35114446373,82163.25204502905,60329.01957199283,-2165.9476875864943,2005.979620862065,60169.051505268406,407.76110518417863,3009.500055419431,22846.92611294973,18506.010151489278,0.0,4989.099099434695,6000.0,6000.000000000002,0.14152249999824562
2025-02-12,87507.774246305,82315.27462427798,60126.48451992972,-2169.294628965228,1768.9268452965748,59726.11673626107,374.09740302976644,2985.2064672476276,23354.89171961468,18917.462292887896,0.0,5192.499622027016,6000.000000000002,6000.0,0.1410675000079209
2025-02-13,81603.6338450081,78825.9517363563,54659.62866362419,-992.2906023046457,2324.119661620019,55991.457722939565,631.7312116782044,3761.2406632767043,22984.017200479677,18617.053932388535,89.2127189290511,2866.8948275808484,6000.0,6000.0,0.14412650000303984
2025-02-14,39405.39005542453,39794.70760648063,16181.345367081303,413.67050831873826,1155.7883368617681,17750.80421226181,352.8164963738395,6717.6917851781645,19094.897373734922,15466.86687272528,412.8309885506353,23.513437494532468,6000.0,6000.0,0.14089789999707136
2025-02-15,40308.606605893394,39862.79256039902,17220.450798771155,-141.78854702008425,1179.334812976098,18257.99706472717,344.9595079256193,6873.268734389929,21338.906494393224,17284.514260458505,0.0,445.8140454943666,6000.0,6000.000000000002,0.13828490000378224
2025-02-16,87549.7054377531,80707.8551869908,60353.96364716426,-2863.5866753547475,5512.681467794317,63003.05843960383,1241.8340886884446,2297.602908239385,22498.45930231506,18223.752034875204,0.0,6841.850250762306,6000.000000000002,5999.999999999998,0.1426043000028585
2025-02-17,87706.65294838685,79076.89008967645,59722.0354664965,-3335.424299253302,1097.2338608528999,57483.8450280961,289.23372992095915,3963.1590481796966,22205.79791974232,17986.696314991277,0.0,8629.762858710394,5999.999999999998,6000.000000000002,0.14287360000162153
2025-02-18,78219.90917162012,79173.8910263768,51916.21798178596,945.7718227215962,3690.4930214598344,56552.48282596739,801.9015189461259,3613.212173570162,22479.960991681262,18208.768403261816,953.9818547566924,0.0,6000.000000000002,5999.999999999998,0.1512897000029625
2025-02-19,78942.75169418078,78998.27100923425,52892.07271428467,121.76897144757993,2874.056999304386,55887.898685036635,774.0501839811557,2614.922103930425,22516.166873429673,18238.095167478034,148.0502425569175,92.53092750346354,5999.999999999998,6000.000000000002,0.14427730000170413
2025-02-20,82227.4225092007,78936.97275048979,55202.28596910333,-1169.7970402421147,2463.4402777108567,56495.92920657207,576.1850397316834,4211.121859469016,22678.432617995357,18369.530420576244,52.60070134903276,3343.0504600599497,6000.000000000002,5999.999999999998,0.14643290000094566
2025-02-21,36279.2261526983,36286.111834763055,15264.479288235209,7.2431437495035205,901.277034252293,16172.999466237005,301.23602068549974,7455.770172677649,18796.3981549346,15225.082505497023,6.885682064757816,0.0,5999.999999999998,5999.999999999998,0.13483220000489382
2025-02-22,37030.71762222636,36552.97994017508,15838.042097430533,-126.15112491331058,1331.1332218036491,17043.02419432087,381.6232176946593,5621.930711492385,18252.155594968524,14784.246031924506,0.0,477.7376820512817,5999.999999999998,5999.999999999998,0.14108399999531684
2025-02-23,81454.74570081139,78669.39294750476,54144.629465671795,-717.9442248436322,3251.296229645384,56677.98147047355,777.0694711765187,3516.391661787863,23148.510913474114,18750.293839914026,451.47793429396415,3236.830687600593,5999.999999999998,6000.000000000002,0.14703279999957886
2025-02-24,78383.17557404525,78263.7871719677,52327.911709069704,-49.6739588795192,1294.7424742121248,53572.98022440231,243.4742961572016,6051.844959337734,22380.962590107978,18128.579697987458,0.0,119.38840207753026,6000.000000000002,6000.000000000002,0.14577210000061314
2025-02-25,80535.17217186392,74705.2892630187,52551.67904957178,-2183.443534469669,952.9963304383607,51321.231845540475,255.61335577023792,4995.5352324643745,21810.758699953873,17666.714546962638,0.0,5829.882908845204,6000.000000000002,6000.0,0.1432604999972682
2025-02-26,73981.68221210717,75761.79526517505,48365.58354244733,1861.9168504084216,2007.6450509627612,52235.14544381852,473.69732265538187,3171.5068157567575,22363.88283547543,18114.745096735096,1780.113053067862,2.2737367544323206e-13,6000.0,6000.000000000004,0.15555729999687173
2025-02-27,75066.90869092959,74716.21091424984,48030.73040980798,161.60273142647048,1393.876973306572,49586.21011454102,332.47754527748606,3768.965510562907,22753.361836654825,18430.223087690407,276.63951488757345,627.3372915673331,6000.000000000004,6000.0,0.15106169999853591
2025-02-28,35236.76103034245,35324.43263709841,14585.340955096242,106.44942608036813,612.640770924284,15304.431152100893,190.828418999664,8867.148908596251,17660.62419737803,14305.105599876204,115.21844060108002,27.546833845115884,6000.0,6000.0,0.12900470000386122
2025-03-01,40815.87125047799,39617.59380462673,16556.547463044124,-238.9713033682819,583.4896270064849,16901.065786682328,175.57356214042647,12078.92872536166,21344.593200379804,17289.120492307644,0.0,1198.2774458512604,6000.0,6000.0,0.1396844000009878
2025-03-02,83662.63395451069,84004.72932881875,56166.95773487582,1360.903960402451,785.7944947590206,58313.65619003729,178.7832010353314,7435.8005525443605,23102.131108647634,18712.726198004584,1325.7425281915525,983.6471538834985,6000.0,6000.0,0.14901190000091447
2025-03-03,85043.45515367958,81058.33051866642,56967.70530440718,-903.1930571645371,1129.7589502586343,57194.27119750128,265.00552860197456,4899.939929133807,23190.786762111842,18784.537277310592,665.3289436715162,4650.453578684686,6000.0,6000.0,0.1477595999967889
2025-03-04,74699.31040515928,75607.17065008334,48641.38658062667,1008.3429829140291,3336.635835810533,52986.365399351234,922.1092486217115,3020.503658320883,22680.622668688615,18371.304361637776,907.8602449240484,2.2737367544323206e-13,6000.0,6000.0,0.15752920000159065
2025-03-05,78482.60606751176,74018.09800018459,50709.6147142618,-1802.017116240008,1780.3437885627725,50687.94138658456,463.9029412263237,4061.944155842471,22576.76194158833,18287.177172686545,0.0,4464.508067327173,6000.0,6000.0,0.14867149999918183
2025-03-06,73658.72435100844,73681.10684523942,46953.66650055704,249.7272084735294,1665.1790576932679,48868.57276672384,418.1180263282798,3824.421040558996,22811.31419829143,18477.164500616054,226.85629473754847,204.47380050657227,6000.0,6000.000000000004,0.15100689999962924
2025-03-07,35250.877651798684,33961.175303666656,14711.749008887027,-382.0279288963872,293.7748350079028,14623.495914998544,115.79334789814706,9915.037326909765,17050.76732274583,13811.121531424122,0.0,1289.7023481320243,6000.000000000004,6000.000000000002,0.13500740000381484
2025-03-08,32470.015344166215,32470.015344166215,13491.959134685414,0.0,953.2152257433844,14445.174360428799,315.85582593194806,10676.56823555212,16032.43904147041,12986.275623591036,0.0,0.0,6000.000000000002,6000.0,0.12868450000314624
2025-03-09,76356.43314199153,70346.40279811481,47908.57871252303,-1950.0937798338773,5005.402606613229,50963.88753930238,1034.8206923988378,3749.610440266348,22621.515790775196,18323.42779052791,66.94030772949617,6076.970651606216,6000.0,6000.000000000002,0.14635700000144425
2025-03-10,73941.49558323334,74571.7607108074,47957.363761422224,776.5910388272781,4080.821160844621,52814.77596109412,980.0603122312742,3102.324163084475,23196.975841864245,18789.550431910036,727.9334112696249,97.66828369553787,6000.000000000002,6000.000000000002,0.15652339999724063
2025-03-11,66510.5717130948,71079.61102042535,42101.999276983726,4113.811052518673,3018.976384012591,49234.786713514986,675.6790163820788,3628.125290160735,22043.399719193134,17855.153772546437,4569.039307330544,0.0,6000.000000000002,6000.000000000002,0.15293169999858947
2025-03-12,76331.40312020754,71087.64991286054,48158.680631017334,-1829.5887603608257,1257.7464241243367,47586.83829478084,354.68823984816186,4675.021462901258,22798.852665653216,18467.07065917911,0.0,5243.75320734701,6000.000000000002,6000.0,0.14005879999967874
2025-03-13,76108.56264246177,75812.58606709696,49215.04754813609,184.16125688405918,1877.2650114991307,51276.47381651928,425.6214425461533,4411.0738901927925,22534.292646229747,18252.777043446098,462.5451402747257,758.5217156395405,6000.0,5999.999999999998,0.1475596999989648
2025-03-14,32169.38389212676,32343.37799337256,12826.165044572197,168.0492207826593,523.0473000351132,13517.26156538997,169.62358774303755,13394.811437266513,16256.653476398675,13167.889315882927,173.99410124580135,0.0,5999.999999999998,6000.000000000002,0.13169789999665227
2025-03-15,31828.450822378196,32150.50229419038,12991.604276638958,304.5961597461293,1412.66760244415,14708.868038829238,438.09318446363096,8632.359685282987,15958.477070373823,12926.366427002798,322.05147181219047,0.0,6000.000000000002,6000.000000000002,0.14285670000026585
2025-03-16,73492.70747151575,72484.6721826035,46641.733357126155,-230.22054178661574,1409.8581592649045,47821.37097460445,373.428083200627,5064.908694651545,23379.708620101323,18937.563982282074,623.0373105196641,1631.0725994319275,6000.000000000002,6000.0,0.147469400002592
2025-03-17,69392.90818068416,66005.09460388779,41746.70837757284,-518.1983508898215,1835.1004386237732,43063.610465306796,432.83256487154495,4484.908791250553,21552.03654829178,17457.14960411634,348.7084576851425,3736.522034481524,6000.0,6000.0,0.14328099999329424
2025-03-18,77946.30065222323,71325.82382756501,49165.792715420146,-2369.612981356611,796.9764132586251,47593.156147322166,212.06638600881138,6199.41223596334,22171.155847072703,17958.636236128885,0.0,6620.476824658229,6000.0,6000.0,0.1433411999969394
2025-03-19,64915.348590301735,67613.34677335227,39953.49872558073,2356.5023609915256,1885.7214487212543,44195.722535293506,588.1667780309534,4430.150725065887,22662.59145430179,18356.69907798445,2697.9981830505394,0.0,6000.0,6000.0,0.15507570000045234
2025-03-20,73060.58621948324,68591.12695617057,45895.07965040094,-1602.9328515215284,4057.015736897228,48349.16253577664,965.9077043573375,3212.5659529265777,21765.825741761444,17630.31885082677,29.148029287974055,4498.607292600639,6000.0,6000.000000000002,0.14441230000011274
2025-03-21,31021.16744632238,30702.12987969516,12275.592775014116,-91.43175667744885,1184.6204443268557,13368.781462663525,357.53359594525,15986.19895897375,15999.999999999996,12960.000000000002,0.0,319.0375666272199,6000.000000000002,6000.0,0.12911300000268966
2025-03-22,32428.643922080464,32201.70340233869,13289.700414461791,-71.75054847996955,361.2093289109108,13579.159194892733,227.93907413418054,13508.442743139536,16000.000000000002,12960.0,0.0,226.94051974177154,6000.0,6000.000000000002,0.13044019999506418
2025-03-23,74767.6162895329,70103.24742474373,46155.60110107863,-1711.7570938263189,1010.8849629418701,45454.728970194185,233.69530312357972,7328.587937891705,22308.603543731257,18069.968870422315,0.0,4664.368864789166,6000.000000000002,6000.0,0.1452675000000454
2025-03-24,70769.04779437109,68082.19653798403,43503.59028970015,-285.19469430544024,861.8656523759231,44080.26124777063,285.31136524619023,6149.641544150155,22207.206714456424,17987.837438709706,510.47967750830134,3197.3309338953636,6000.0,6000.0,0.1479126999984146
2025-03-25,77740.09450307013,69330.19250043132,48340.43323162173,-2881.339680990074,1026.7387266144958,46485.832277246154,306.7499820964141,4431.501646086468,22396.40063039273,18141.084510618115,0.0,8409.902002638792,6000.0,6000.000000000002,0.14940240000214544
2025-03-26,67659.41007523864,64826.671719280785,41306.06625770682,-645.0920706988196,1135.3215098452167,41796.29569685322,316.3062507634096,5456.132660051576,21548.897070136627,17454.60662681067,352.5952930381791,3185.333648996044,6000.000000000002,5999.999999999996,0.15211419999832287
2025-03-27,71239.95524084118,66666.70747068607,43666.75248885097,-1553.0590324608456,1914.5351972488654,44028.228653638995,513.7756860144425,4346.349666894204,21669.179420033182,17552.03533022687,0.0,4573.247770155114,5999.999999999996,6000.000000000004,0.14932480000061332
2025-03-28,31667.03312402004,31667.03312402004,12531.841129448825,0.0,428.877364511913,12960.718493960738,140.5319486092995,17872.92114471947,16382.964006543181,13270.200845299978,0.0,0.0,6000.000000000004,6000.0,0.12988939999922877
2025-03-29,30538.542155094165,30852.23889331051,11947.254386192293,300.282740340062,807.4450326330617,13054.982159165418,206.67305608330065,20311.702766060484,16000.0,12960.000000000004,313.6967382163475,0.0,6000.0,6000.0,0.13234970000121393
2025-03-30,70550.15021110476,63137.60103941351,41656.89805808927,-2061.8898895244047,2929.6066817573987,42524.61485032226,692.2157293038965,4410.405898924491,21441.00615680481,17367.214987011896,0.0,7412.54917169125,6000.0,6000.0,0.1474441000027582
2025-03-31,62697.53763766505,64497.82287538976,37725.53400442944,1321.6007217921585,2343.526233416391,41390.66095963799,594.5977432258017,3999.3441603477536,21798.352499655142,17656.665524720665,1800.2852377247136,0.0,6000.0,5999.999999999996,0.1551833000012266
2025-04-01,75020.77144880497,70468.48547106111,46440.03986346239,-1354.6338197610442,1220.1484601316042,46305.55450383295,339.73991089868264,6461.2939584019605,21779.367931006193,17641.288024115012,151.27787231338436,4703.563850057235,5999.999999999996,6000.0,0.1514631999998528
2025-04-02,71126.81983815783,70307.45591544971,43385.6857004822,-248.26279008032756,2284.622768708785,45422.045679110655,515.0662589022489,6274.611052357064,21645.135378920488,17532.559656925594,21.267381574716367,840.6313042828465,6000.0,6000.000000000002,0.14989429999695858
2025-04-03,72357.962666762,66835.21271114057,44827.58753766794,-1847.3394551634499,986.5040186132276,43966.752101117716,263.62038647995473,6943.283442657303,22589.57572787659,18297.55633958004,0.0,5522.749955621437,6000.000000000002,6000.000000000002,0.14865749999444233
2025-04-04,29774.121389971137,29774.121389971137,11516.767483058713,0.0,707.8405904055486,12224.608073464262,202.37962996094825,20505.67884672768,16000.104858970559,12960.084935766155,0.0,0.0,6000.000000000002,6000.0,0.1304764999949839
2025-04-05,29529.38779900645,29560.968510385777,11678.01758838308,25.780545249647773,2325.9866898425353,14029.784823475264,753.2911041195441,15229.812556122259,16001.747763419608,12961.41568836988,31.58071137932584,0.0,6000.0,6000.000000000002,0.13807209999868064
2025-04-06,68993.17045978222,65374.62388306866,41221.32886849894,-450.0124382696566,677.4179856157245,41448.73441584501,137.07916393159076,6963.059950439152,21781.930683654937,17643.363853760497,484.5714181247478,4103.117994838307,6000.000000000002,6000.000000000002,0.14982780000354978
2025-04-07,61473.2272300216,62202.572161449876,36344.964862672765,1304.3129868656067,680.7627814355651,38330.040630973934,174.57495458282463,5232.711701582497,20535.348058509848,16633.631927392977,1249.221110065508,519.876178637234,6000.000000000002,6000.0,0.1503655999986222
2025-04-08,69844.35273504443,64494.70919260183,41652.67178579921,-1578.6759470222385,1685.6812773142672,41759.67711609124,363.17536031403347,6440.743645322939,21389.19626803299,17325.248977106723,8.693532630606569,5358.337075073209,6000.0,5999.999999999998,0.1443063999977312
2025-04-09,68090.7208116579,67961.3739594662,41239.622065282485,278.3629949277851,961.071660640725,42479.05672085099,229.18539492654298,4843.4651155471565,22172.543274625936,17959.76005244701,768.2121868229248,897.5590390146233,5999.999999999998,6000.000000000004,0.15143810000517988
2025-04-10,66454.65173561961,63965.87116493443,40459.64191022898,-887.4977347846473,1876.039701455531,41448.18387689986,410.18296773776706,5947.44679801285,20884.049656101895,16916.08022144254,169.5195838768201,2658.3001545619845,6000.000000000004,6000.0,0.15008250000391854
2025-04-11,28115.12676951186,28215.092198721846,10873.17212093304,89.98729368293829,2091.342555342497,13054.501969958475,626.8753277304281,20483.450417476422,16009.82601215359,12967.959069844403,99.96542920998824,0.0,6000.0,6000.0,0.134919499996613
2025-04-12,29726.40937788781,29032.615121771647,11875.390488229468,-196.72884324908952,388.8111700469075,12067.472815027286,140.37689503743434,17107.83146680908,16000.0,12959.999999999998,0.0,693.7942561161627,6000.0,6000.0,0.12912090000099852
2025-04-13,64117.512328371566,63395.778930931265,38307.90415561731,-74.45989797180096,1105.0325979641964,39338.476855609704,258.09088294898004,5350.81696105652,21193.12826047575,17166.43389098536,127.59247846550986,849.3258759058116,6000.0,6000.000000000004,0.14653029999317368
2025-04-14,66977.51408498138,60216.3060901875,40083.853902336785,-2340.867158323399,2157.2957312511044,39900.28247526449,544.3327242449282,4211.487965243722,21163.784469414248,17142.665420225545,0.0,6761.207994793885,6000.000000000004,6000.0000000000055,0.15154999999867869
2025-04-15,59019.15940218826,59192.61368099357,34181.87163435141,837.3276226425348,2218.5783684892385,37237.777625483184,463.97551387230385,5559.799643894032,20828.214303360604,16870.853585722092,910.6522738867761,737.1979950814598,6000.0000000000055,6000.000000000004,0.17821469999762485
2025-04-16,65258.97937770652,64133.352385035716,38687.04383537653,234.10549959388516,1175.7825403029215,40096.93187527333,301.07767832427396,4725.390767473238,20681.30182045657,16751.854474569824,504.0578268627251,1629.684819533539,6000.000000000004,6000.0,0.15596129999903496
2025-04-17,58854.56363685017,61064.54551310285,35335.50693335799,1909.0821198234307,1476.8809837683343,38721.47003694976,374.7324109620305,4645.699584337999,20659.136788036205,16733.900798309325,2759.365147568636,549.3832713159661,6000.0,5999.999999999996,0.1485975999967195
2025-04-18,28214.800988696585,28212.24086856045,10817.065517292465,-0.7478110917651575,720.759683086102,11537.077389286802,219.53613850583827,19035.197645153443,16012.958834628971,12970.496656049461,0.0,2.560120136135424,5999.999999999996,6000.000000000002,0.1316917000003741
2025-04-19,27635.79387144019,28152.947766599355,10461.05608176985,446.45968193225946,792.0189177946604,11699.53468149677,283.84562400352786,18611.285901874286,16004.35915120315,12963.530912474556,517.1538951591629,0.0,6000.000000000002,5999.999999999996,0.12807179999435903
2025-04-20,60495.43663358204,60422.25422068332,35969.837828852105,248.6907798623738,1208.4493303494169,37426.977939063894,325.7682170218286,4767.459108711389,21172.72866137063,17149.91021571021,281.2328763660115,354.4152892647346,5999.999999999996,6000.000000000002,0.1500930000001972
2025-04-21,64267.00839087062,55460.54605409944,37127.28171000426,-2142.7604174261314,2673.2717276993,37657.79302027743,785.6495715530324,3990.2024900147803,19679.38290686503,15940.30015456067,0.0,8806.462336771176,6000.000000000002,6000.000000000002,0.1448742000029597
2025-04-22,57647.24742288914,59424.75639352205,34368.65459378758,1523.9377629534804,2096.475800657999,37989.06815739906,543.3605940703119,4046.6784103045047,19834.259266427332,16065.750005806141,1777.508970632918,0.0,6000.000000000002,6000.0,0.1576041000043915
2025-04-23,55985.24902630881,58885.70283501844,33444.23657414923,2393.589258147705,2021.8772956227367,37859.70312791967,564.3070337453698,4206.344429373228,20230.256435389034,16386.507712665116,2900.4538087096216,0.0,6000.0,6000.000000000002,0.15647769999486627
2025-04-24,58019.40261111931,56492.703083234606,34256.05786924866,235.3195495247623,1886.163969281539,36377.54138805496,587.0241552211917,6208.373602837781,19901.299661147495,16120.052725529473,538.4402481824495,2065.1397760671452,6000.000000000002,6000.0,0.14176509999742848
2025-04-25,27510.340705542836,27027.86123957227,10454.085368738823,-143.2392803621325,653.6391639449971,10964.485252321687,202.18757671472957,22189.691166287,15999.999999999996,12960.0,0.0,482.4794659705646,6000.0,6000.0,0.13011940000069444
2025-04-26,27544.33726477476,27608.505711508205,10841.622876972608,57.02670318740413,767.5387353054306,11666.188315465442,232.67893709352472,24727.615330244196,16017.766763285254,12974.391078261051,64.16844673344505,0.0,6000.0,6000.0,0.1290097999990394
2025-04-27,57688.70861108125,58342.243683237975,33807.69830228307,1087.9969286810408,2175.1514736890667,37070.84670465317,550.5648186895816,6540.952862007603,19886.233982034868,16107.849525448244,964.804659679544,311.269587522824,6000.0,6000.0,0.16414259999874048
2025-04-28,68650.8569493789,66217.64840734657,41127.21302290932,-761.1353049709892,1049.2626393211888,41415.34035725953,276.56788453658197,5826.443660034198,21293.71218516989,17247.906869987608,3.147092508957712,2436.355634541288,6000.0,6000.000000000002,0.16835680000440334
2025-04-29,59151.531619399095,56919.707906870644,34371.85226007053,107.52535616110436,592.608540955111,35071.986157186744,124.63236030902046,6040.438775585668,18793.09355224914,15222.40577732181,587.7951219102979,2819.618834438743,6000.000000000002,5999.999999999998,0.15546969999923022
2025-04-30,55984.92350139939,54577.82655168326,33104.16395045986,-270.4950991673408,4073.8682440789885,36907.5370953715,1122.6528212839141,3981.7541755655784,18220.372442464544,14758.50167839628,295.6764303486561,1702.7733800647754,5999.999999999998,5999.999999999998,0.15863690000333008
2025-05-01,58993.51346918217,57540.498107513195,35836.83438747704,422.66964870839496,11429.953459295246,47689.45749548069,2397.6948204320593,5103.406097696845,20123.200159202115,16299.792128953712,879.9557668586876,2332.9711285276644,5999.999999999998,5999.999999999998,0.14446920000045793
2025-05-02,29400.157988716077,29225.54290384444,12108.950701830046,-55.2982648572655,5695.242934490578,17748.89537146336,1431.799851401359,13168.68933857913,16833.333333333336,13635.0,0.0,174.61508487163707,5999.999999999998,6000.0,0.13021589999334537
2025-05-03,29217.613468340307,29189.934761424352,12010.167921827604,-8.587385160209507,4887.250902526859,16888.831439194255,1083.44239217031,18207.872170261333,16833.333333333332,13635.000000000004,0.0,27.678706915955146,6000.0,5999.999999999998,0.1337115999958769
2025-05-04,65388.90941311085,57098.31836530092,40476.435291170346,-2295.1804024035287,5034.939177561873,43216.19406632869,1585.7661882657894,3448.403160511777,18426.389788008368,14925.375728286777,0.0,8290.59104780994,5999.999999999998,5999.999999999998,0.14769850000084261
2025-05-05,66956.39008636665,63975.52697756432,42005.569342867784,-1120.0205785454307,1951.5085137233873,42837.057278045744,507.82145037420173,5530.033638015639,20416.805434025482,16539.4974441026,0.0,2980.863108802324,5999.999999999998,5997.905508286711,0.14238429999386426
2025-05-06,58645.90571394967,59702.286879496925,36807.35808946286,1622.8012143995034,3418.384157449134,41848.54346131149,879.234822977158,3997.758066328054,19545.690891996623,15832.00962251726,1867.6878218406982,811.3066562934438,5997.905508286711,5997.905508286711,0.1513020000020333
2025-05-07,62174.419627738745,63100.0316428184,38924.88820620401,633.1043504378104,2287.1503194571815,41845.142876098995,468.6297508298185,4498.673114217507,21053.985720467113,17051.843391036404,925.6120150796615,0.0,5997.905508286711,5999.999999999996,0.14647779999722843
2025-05-08,68849.52263453249,65380.78321391897,42065.10697948854,-905.8488277573232,2554.6716238901968,43713.929775621415,545.3343603544422,6299.117853196986,20012.486124307296,16211.998803230865,30.478013176924662,3499.217433790446,5999.999999999996,5997.905508286709,0.14416099999652943
2025-05-09,32405.4825824581,32463.297750817525,14283.480163376998,149.05314539476421,379.46812557910323,14812.001434350866,174.52410767048406,20938.212674184615,16833.359430323293,13633.136096019904,150.40492071771237,92.58975235828981,5997.905508286709,6000.000000000002,0.12828540000555222
2025-05-10,30728.091129223456,31081.984970944664,13665.386316747346,305.7812516387296,967.1870350301701,14938.354603416246,370.9182027472689,16132.971276501601,16836.24533608948,13637.35872223248,353.893841721207,0.0,6000.000000000002,6000.0,0.13619830000243383
2025-05-11,66828.71061718052,63505.34503592836,40730.33798147047,-528.1774045322876,2159.0087941042534,42361.16937104243,465.62383310650614,4693.52864455543,19965.058637611044,16171.697496464945,282.1406928093894,3605.506274061553,6000.0,6000.000000000002,0.14081329999680747
2025-05-12,59578.952977822875,60822.62343684032,37297.146460768214,1689.4003285259544,1041.4166878975893,40027.963477191755,306.04923343959734,5796.070857551886,17902.13989155103,14500.733312156335,1985.6968253353507,742.0263663179136,6000.000000000002,6000.0,0.15140269999756129
2025-05-13,68866.98626316169,62444.00565161095,41625.91674445939,-1469.7777923282874,1566.4489302457891,41722.587882376894,343.75606460448427,5997.239855020154,19279.969142476715,15618.660047948102,397.3515389890091,6820.332150539742,6000.0,5997.905508286711,0.14728349999859347
2025-05-14,66615.57897499617,62739.37617894565,40704.6388761924,-1173.6274509032805,1092.4457084786065,40623.457133767726,293.5708660085221,6268.53174730155,19738.244812206798,15987.978297887508,93.54440146077798,3969.7471975113035,5997.905508286711,5997.905508286711,0.14434110000001965
2025-05-15,65243.545143023206,62749.87089383928,41141.03801911576,-728.7511923799615,710.7731760413175,41123.060002777114,215.1181982887872,6399.704890185206,19996.24314430497,16196.01722569544,449.9394808896079,2943.613730073527,5997.905508286711,5998.949642944033,0.13815120000072056
2025-05-16,30018.04850725562,29548.30463253781,12848.72017910955,-126.36620706346082,511.6840820522359,13234.038054098326,222.49080332704938,23856.01024784783,16833.333333333332,13634.05467864963,21.422408378005436,491.1662830958112,5998.949642944033,6000.0,0.11789070000304491
2025-05-17,30165.529888360543,29914.73771003048,13157.293870974918,-76.30077083596275,1418.45330808114,14499.446408220096,377.6617933067157,16645.26708667053,16833.33333333333,13634.999999999996,0.0,250.792178330061,6000.0,5999.999999999998,0.12394530000528903
2025-05-18,69982.53758184542,65423.883844651784,42619.60164103476,-1330.9926767446773,756.9341809990974,42045.54314528918,290.12730115688464,8238.64404398255,20000.75959566574,16201.560593839618,0.0,4558.653737193639,5999.999999999998,5998.94964294403,0.13911629999711295
2025-05-19,63362.00831570611,58977.85057591945,37602.499783968866,-487.81425859965765,1293.4053688493882,38408.09089421859,217.13952391872772,8107.562943331162,18801.10845530007,15228.897848793053,334.65092766549697,4718.808667452157,5998.94964294403,5998.949642944031,0.13809269999910612
2025-05-20,63054.97676202786,63727.61473108377,38178.35910063682,748.6616953604337,1246.0060837283413,40173.02687972559,281.7952214706224,5735.304375673702,19719.53031691585,15972.81955670184,732.6495672765082,60.01159822060731,5998.949642944031,5998.949642944031,0.14413230000354815
2025-05-21,58640.967840489495,60492.53440086103,36426.918309116685,2027.6489460227094,1056.5543025766751,39511.12155771607,328.5887869850055,5861.635410512474,18930.907863159104,15334.035369158872,2571.8670866156203,720.3005262440818,5998.949642944031,5998.949642944033,0.14394260000335635
2025-05-22,61341.19307794879,60860.202877758136,37745.71644687686,-138.20759049648345,563.2752015982041,38170.784057978584,155.0563124198209,6556.7848117553185,19162.62231792425,15520.778756168278,0.0,480.99020019065756,5998.949642944033,5999.999999999998,0.1314849000009417
2025-05-23,29165.213518701374,29825.404787581723,12106.15737897408,580.4131967956799,514.334907570297,13200.905483340057,173.3915459239978,20379.514116839055,16833.333333333332,13634.999999999998,660.1912688803468,0.0,5999.999999999998,6000.0,0.12570619999678456
2025-05-24,29973.074857716296,29757.899481944914,13104.064566680236,-67.43912917890282,332.7504986663702,13369.375936167702,161.87446078111253,22966.939226059356,16833.333333333336,13635.0,0.0,215.17537577137614,6000.0,6000.000000000002,0.12530189999597496
2025-05-25,63277.967962554554,58983.09733776799,38297.62425142163,-782.645154130938,1015.5465162662624,38530.52561355696,260.06466329269495,7254.742688751431,18166.03421837729,14722.625089401361,131.37054571220023,4426.241170498759,6000.000000000002,5990.9584749824935,0.14268199999787612
2025-05-26,60765.34983463053,64112.31296961205,37161.42417080882,2881.797380542702,1011.5971556565157,41054.81870700804,284.15928663368766,6040.930092308118,19872.153757566415,16096.444543628797,3346.963134981525,0.0,5990.9584749824935,5990.958474982498,0.15056929999991553
2025-05-27,57832.26320264247,58570.413866921444,35606.51369725786,765.7325056660145,1984.5292619724746,38356.775464896346,498.39009779083204,6287.142852035539,17848.914803561776,14457.62099088504,1455.5394841468928,717.3888198679236,5990.958474982498,5990.958474982498,0.14518320000206586
2025-05-28,65928.90585416165,63819.79450305098,40027.51776428138,-293.06096735766107,495.1979778421666,40229.654774765884,145.16193279925687,7748.429183447411,20751.069223172737,16808.366070769913,251.6023431622868,2360.7136942729576,5990.958474982498,5990.958474982498,0.13859420000153477
2025-05-29,64686.24643604598,63542.66716690127,39316.597595464395,-214.27411488323352,1576.8708172835582,40679.19429786472,391.1104189081962,5991.167626430139,20170.981365154355,16338.49490577503,70.99824234968276,1214.5775114943904,5990.958474982498,5990.958474982498,0.1412964999981341
2025-05-30,29642.96720072914,29667.573038720788,12829.736421122843,22.85906337004522,681.9032152329979,13534.498699725887,275.9160339327939,20140.78510013783,16833.333333333332,13626.86262748425,24.605837991645046,0.0,5990.958474982498,6000.000000000002,0.12675049999597832
2025-05-31,31755.62913918907,30345.02971017499,13383.100484199429,-390.3553875944457,824.4931514534654,13817.23824805845,367.02047555931074,19124.535302400967,16833.333333333336,13635.000000000005,0.0,1410.599429014082,6000.000000000002,6000.000000000001,0.12651410000034957
2025-06-01,80123.66847987649,73720.62275854923,54797.608947696775,-2530.383229058008,22146.488514558936,74413.71423319771,5157.826251656283,3396.867752724005,22403.97346042891,18147.218502947413,0.0,6403.045721327273,6000.000000000001,6000.000000000004,0.14346139999906882
2025-06-02,87866.45800370819,76494.54825174864,60424.823615547546,-3983.6041486135855,3512.6932692902888,59953.91273622425,993.1460818286862,4311.894470206037,23868.52874398288,19333.53633061159,0.0,11371.90975195955,6000.000000000004,5999.968835571719,0.13564939999923809
2025-06-03,82093.05046966815,79734.19185636999,55419.04732623578,-797.0290255336154,1818.4995047046946,56440.51780540686,405.562571254511,7573.549228841378,23030.42210124652,18656.583735796732,0.0,2358.8586132981445,5999.968835571719,5997.81124247499,0.14301940000950708
2025-06-04,92480.7461953004,80314.2448593297,64070.10273246107,-4569.702578400922,1641.8250698323193,61142.22522389246,568.2814653867368,6689.286842200794,23926.36202145504,19378.38335560607,0.0,12166.501335970697,5997.81124247499,6000.000000000004,0.13688099999490078
2025-06-05,80938.54546323867,80066.21800463418,54807.887808564454,395.98626928819795,3524.104785738454,58727.97886359111,721.3534326494564,5252.514360555957,23127.086559876,18741.347499814983,578.3178046129759,1450.6452632174492,6000.000000000004,5990.658459649531,0.14494969999941532
2025-06-06,40014.48977852112,38364.79768236699,19674.278986502544,-498.25203170339734,10926.043079819196,30102.070034618344,3025.8570359521677,7529.979602290898,15775.1175248044,12769.437808776142,0.0,1649.692096154136,5990.658459649531,6000.000000000004,0.14178180000089924
2025-06-07,46912.54300170108,44944.85274254921,22787.46482372484,-342.433135459134,1142.8369219827696,23587.868610248475,318.49237763874964,10739.488614231026,17880.7544173172,14483.411078026933,162.17512425114433,2129.8653834030156,6000.000000000004,6000.0,0.14577919999646838
2025-06-08,80299.34874670496,76735.14848343977,54021.43516680396,-228.40034754769897,1147.044947844105,54940.07976710037,280.05790572361445,7861.59660380875,20941.657614052023,16972.971095364053,1204.0012537906691,4768.201517055861,6000.0,5988.635080020092,0.15539510000235168
2025-06-09,88319.29277767798,81649.42823674442,61378.25475057411,-2476.998051526073,1364.5941139476222,60265.85081299565,393.616174826686,6829.849596629884,22516.02186567067,18235.539784062777,0.0,6669.864540933554,5988.635080020092,5991.343887942835,0.150707799999509
2025-06-10,81552.85494735751,81285.65926611489,56054.57714506483,277.2379008073387,2049.953044964232,58381.768090836405,600.3552957430696,6316.818407713171,22197.338134294303,18246.58621348285,393.6130140844568,660.8086953270714,5991.343887942835,5694.963527160099,0.1398879999978817
2025-06-11,87448.84489508187,87108.9456963416,61062.32415115324,-76.85269393449116,2023.316071042751,63008.7875282615,419.12580511534645,6715.846775241071,24861.070898518883,20133.29248896968,88.78514714290884,428.6843458831861,5694.963527160099,5699.602348083008,0.1456992999992508
2025-06-12,83799.93913171889,81917.42083240228,58240.54046286321,-732.7106382651009,1023.792987949974,58531.62281254808,225.68989711686652,6970.0456958498335,21437.518002876073,18716.844402540097,0.0,1882.5182993166063,5699.602348083008,4196.874770071369,0.1393158000028052
2025-06-13,43064.06777841226,42634.2527198028,21937.644860738917,-127.4596580046284,429.6154145421651,22239.800617276454,103.11949004927693,12490.630549133872,13436.834079511857,11535.406118793653,0.0,429.8150586094604,4196.874770071369,3472.9075318613186,0.14014469999892754
2025-06-14,41304.87457093743,40463.065509281834,21549.981279500913,-285.82748102278043,370.9150730473099,21635.06887152544,113.09544814031932,12135.881052834073,15350.15256601528,13103.215411427194,0.0,841.8090616555912,3472.9075318613186,2728.9166063559687,0.13952640000206884
2025-06-15,78965.82908352198,80402.18636957496,54053.15901602938,1386.3474786646307,1368.2348868548809,56807.74138154889,324.1638789575627,5795.698947974868,22799.322517719695,18495.645550495366,1631.9279603924674,195.57067433947918,2728.9166063559687,2697.5895939755083,0.14470840000285534
2025-06-16,81800.1560005297,81229.1643071759,56921.03147084087,-202.32515401888134,1719.6493396809808,58438.35565650297,412.5781422734198,5431.337295603469,22048.331430300706,18531.97909312153,125.07817863547132,696.0698719892841,2697.5895939755083,1950.0000000000018,0.14563200000338838
2025-06-17,84425.78798246158,83842.2107766846,58413.300775931,92.66230815973518,3004.9293984688006,61510.89248255953,642.2374078461811,5425.287570628345,23274.470511767147,18852.32111453139,570.5440166708175,1154.12122244781,1950.0000000000018,1950.0000000000018,0.14460399999734364
2025-06-18,84451.70460279871,82382.75732090417,58377.95512201126,-915.2812613490133,1404.311271330823,58866.98513199307,363.21770056197334,7474.18260420524,22860.0079855837,18516.6064683228,95.5566182597234,2164.5039001542677,1950.0000000000018,1950.0,0.1443355000046722
2025-06-19,79796.25816068226,77351.29522314391,53498.4236422683,1190.6713354043598,3717.5008675796425,58406.595845252305,816.7584029816136,5725.558983927533,22015.739169463075,17832.74872726509,2330.3688959220817,4775.331833460448,1950.0,1950.0,0.14035749999675318
2025-06-20,37395.00719584738,36951.443916484335,19286.5723378693,-160.2969187691039,94.72570308413879,19221.001122184334,40.2550030951614,12096.806031453083,13074.418079469317,10580.106041342899,0.0,443.56327936303995,1950.0,1961.302892252499,0.13034930000139866
2025-06-21,37152.81752291892,36993.30688524092,18609.68623788681,-46.38292771286444,502.24073560567984,19065.544045779625,138.2542907217237,15254.12963404625,13365.039543435183,10822.348401518788,0.0,159.51063767800622,1961.302892252499,1965.0069241010624,0.1285012000007555
2025-06-22,77578.34698402815,76160.57136228374,51987.693763899806,802.399147114298,2968.5463095133446,55758.639220527446,658.941282952587,5384.210853234152,21007.720651016472,17029.7599590143,1303.0040901001425,2720.779711844544,1965.0069241010624,1950.0,0.1550885999968159
2025-06-23,78528.71818556241,78021.23934037948,53177.45022008223,-166.50790979557203,914.6040937421521,53925.546404028806,208.85008777877857,7138.441535378172,21212.43101463214,17182.069121852037,0.0,507.47884518292113,1950.0,1949.9999999999982,0.14309789999970235
2025-06-24,89397.03647991602,86974.76064315031,63136.90494699334,-1100.348653378287,1420.7181488320173,63457.27444244707,370.57324427550475,6503.693574877292,24067.62138183433,19494.77331928581,0.0,2422.2758367657093,1949.9999999999982,1949.9999999999964,0.13717920000271988
2025-06-25,78853.74003552835,80215.49859263713,52839.3507774998,2225.181952946464,3002.0560062892832,58066.588736735546,580.7798234256427,7098.754181582803,20711.067725333163,17450.96485751986,2123.930287570827,762.1717304620403,1949.9999999999964,1199.9999999999982,0.15069159999620751
2025-06-26,76878.30370356426,77477.77111744368,51274.29826931753,658.3086079693094,1777.53218422987,53710.13906151671,397.56903142288115,6394.822798543382,20700.702720999172,16767.569204009327,661.5552797543135,62.08786587489749,1199.9999999999982,1200.0,0.15553970000109985
2025-06-27,37572.681392431696,35867.829714262516,18384.964466924604,-497.9420555020926,503.9717816825663,18390.994193105078,153.9331754951179,13560.190075499373,14110.898793018547,11420.971845426955,0.0,1704.8516781691856,1200.0,1209.8401965756311,0.1374344000032579
2025-06-28,36110.61309010798,36097.39288799635,17989.989241772157,37.58743365402326,450.3011606730744,18477.877836099255,190.938414468996,12009.864245283747,13154.8696985016,10653.328757986666,105.50946017548972,118.72966228711965,1209.8401965756311,1212.1909719085525,0.1325334000030125
2025-06-29,75513.05134041293,77656.62540060497,50753.59301620888,3377.647584481515,3775.8864570990254,57907.12705778942,992.4013247453948,5365.295002401346,21194.395075438802,17178.431885823124,3058.343029420792,914.7689692287549,1212.1909719085525,1200.0,0.15580039999986184
2025-06-30,81458.41792409912,80091.79451166833,54851.2594736679,-573.0129442376169,2470.070203019166,56748.31673244945,588.7583427090906,6730.3574614358995,21434.270576885225,17361.759167277036,0.0,1366.6234124307903,1200.0,1199.9999999999982,0.14605950000259327
2025-07-01,73067.82125925097,73407.34326543688,52636.91525469844,361.6593510685755,47748.62180523414,100747.19641100116,10917.156110753349,578.2778452205023,22129.881566507356,17250.20406887096,396.8930937993647,57.371087613439954,1199.9999999999982,1949.9999999999982,0.1510124000014912
2025-07-02,82292.92919019355,81210.83357157554,60842.89516507855,-436.23270355274747,2898.841679548505,63305.50414107431,639.1982025912935,5132.596106209672,20066.68053310782,16254.01123181733,0.0,1082.0956186180174,1949.9999999999982,1950.0000000000036,0.13840150000032736
2025-07-03,91336.22950955217,90325.10094531867,68691.30461878591,-411.29950023527886,3764.248724053081,72044.2538426037,724.9913826927666,7756.5894695949,22147.810132016886,18614.726206933687,0.0,1011.1285642334966,1950.0000000000036,1200.0,0.14071310000144877
2025-07-04,37416.225425353885,37453.64550886009,22763.750102917915,36.55769312614407,15186.184802615324,37986.49259865939,5444.724140654134,11529.649821542978,13034.714727774739,10546.862366470157,37.42008350621139,0.0,1200.0,1212.507292252647,0.13217100000110804
2025-07-05,44321.40601940843,44321.40601940843,25012.860522242125,0.0,2664.5149958097863,27677.37551805191,680.9106299559318,13526.332646558285,14136.337032312698,11450.432996173284,0.0,0.0,1212.507292252647,1212.507292252647,0.12393400000291876
2025-07-06,90243.48210989556,93753.8436005432,70190.39476768505,4004.8504827023908,1345.965573712476,75541.21082409991,338.03645207239686,9738.279921561389,24057.2376004294,19497.619019375194,3707.0175383814376,196.65604773381506,1212.507292252647,1199.9999999999982,0.14954479999505566
2025-07-07,88118.30707858647,84889.95517130286,64977.086977121755,-1153.6046745498352,3486.5920997257035,67310.07440229763,720.3286146627307,8081.446159765484,21680.815050176054,17561.460190642603,46.71414095387274,3275.0660482374747,1199.9999999999982,1200.0000000000018,0.13378409999859286
2025-07-08,99270.12760785279,94431.8175043225,75905.83220957158,-1462.29655102162,1472.3306188525546,75915.86627740253,256.60816131049296,14856.360623261491,22424.62118792016,18163.94316221533,211.52384704876386,5049.8339505790445,1200.0000000000018,1200.0,0.1339477000037732
2025-07-09,93137.64470751144,88013.36812330267,68248.64572683288,-1833.3779463615674,1111.9510349717566,67527.21881544308,212.81394840537223,9913.81307352398,22387.599902723152,18133.95592120575,83.37173620809676,5207.6483204168635,1200.0,1200.0000000000018,0.13280930000109947
2025-07-10,84955.4342732109,83406.77086501388,62942.62004605295,-514.0621863406856,2097.6686290803955,64526.22648879266,479.7756788819315,6736.800842302434,22611.17009610556,18315.047777845506,0.0,1548.6634081970085,1200.0000000000018,1200.0,0.1377924000044004
2025-07-11,57566.224171764596,55799.515487655524,32765.287394095518,-466.22580240492084,615.1335757310984,32914.19516742169,134.84678307684032,20494.5532046988,15373.852189650319,12452.820273616759,0.0,1766.7086841090752,1200.0,1200.0,0.13487700000405312
2025-07-12,49506.17462867399,50097.56315989496,28007.065939397842,597.6217737566376,198.74468322897897,28803.432396383458,59.47108142743943,16436.69170358887,13874.2063389484,11238.107134548205,591.3885312209717,0.0,1200.0,1199.9999999999982,0.12766250000277068
2025-07-13,90238.46064329759,81800.49685537661,65675.83600018275,-3427.6969850787514,1221.0592347438403,63469.19824984785,268.61974783916736,8646.385789339321,21868.475862507672,17713.46544863121,0.0,8437.96378792096,1199.9999999999982,1200.0,0.12902919999760343
2025-07-14,85727.17660019564,82295.22170651925,61757.517836939645,-828.3771017352641,2837.937471245359,63767.07820644974,535.5280095889727,6886.814504888923,21769.768392382233,17633.512397829603,210.08168474138012,3642.036578417772,1200.0,1200.0000000000036,0.13824130000648438
2025-07-15,89069.99247645469,83360.97699741443,64809.93810953196,-2120.9904470412193,1768.3458269675018,64457.29348945824,409.2429311160895,6829.437700559897,22061.74549809106,17870.013853453762,0.0,5709.0154790402485,1200.0000000000036,1199.9999999999964,0.13918839999678312
2025-07-16,85112.6733504696,83484.38501182609,63486.27458106422,-756.9355974781604,2376.733180035698,65106.072163621764,581.3292868865273,7746.3213142794575,22025.4189531569,17840.589352057083,0.0,1628.2883386435196,1199.9999999999964,1200.0000000000018,0.1366496000046027
2025-07-17,83185.12714246704,83303.63046902035,60916.74107493965,878.4797704556541,2736.0428601732165,64531.26370556852,575.5680103068021,7070.457975645578,21517.49703692059,17429.17259990568,801.3771841221803,682.8738575688786,1200.0000000000018,1200.0,0.13911670000015874
2025-07-18,49734.413198768474,45578.814221120236,27978.048423063694,-1115.8011369104443,1147.178852080232,28009.426138233484,234.01639913670903,11980.433157651089,13463.944013715001,10905.794651109147,0.0,4155.598977648239,1200.0,1200.0000000000036,0.13289090000034776
2025-07-19,47125.02466926381,45321.95336435786,27152.45829063143,-560.2637669503943,1122.384141963466,27714.578665644505,320.0860185213779,16035.640789402263,12755.681807773595,10332.10226429661,0.0,1803.0713049059427,1200.0000000000036,1200.0000000000018,0.13656470000205445
2025-07-20,89156.3749937191,85344.50574263488,64351.3878573666,-1177.8883400143918,784.5798371651314,63958.079354517344,163.35991443485284,9224.99725854162,22067.843062428634,17874.952880567194,147.26088692616077,3959.130138010387,1200.0000000000018,1200.0,0.13820980000309646
2025-07-21,89633.22890077412,87693.30225314981,66398.6375511394,-684.6013047853061,833.1713770109549,66547.20762336504,183.50450203684787,9587.989290420162,22626.674288244696,18327.606173478205,13.200954686623959,1953.127602310932,1200.0,1199.9999999999982,0.13840260000142734
2025-07-22,85274.98031947626,85977.92026343009,62616.67993471146,715.1593969667537,1478.466153523834,64810.30548520204,368.41987143265186,8179.199201053605,23010.506932328746,18638.51061518628,1129.1839901932462,426.2440462394279,1199.9999999999982,1200.0000000000018,0.14309479999428731
2025-07-23,95661.88672974936,85375.78648571344,70211.66958549952,-3829.2644916633044,1355.2022243316692,67737.6073181679,304.22024950046296,7140.566032188488,22752.07150715131,18429.177920792557,0.0,10286.100244035915,1200.0000000000018,1200.0000000000018,0.13227890000052867
2025-07-24,94531.29262225544,86969.23621253713,70201.02264843565,-2974.1037668401855,256.1448274782494,67483.06370907371,73.29743117109672,9132.506415651354,22597.659095036164,18304.103866979298,0.0,7562.056409718318,1200.0000000000018,1199.9999999999982,0.1315260000010312
2025-07-25,43943.48029474612,43362.89581970178,25009.675251575933,-173.96788492486039,682.7296053633106,25518.436972014384,188.3522657745463,14447.236644463257,13677.325654454717,11078.633780108321,0.0,580.5844750443468,1199.9999999999982,1199.9999999999982,0.13249449999784702
2025-07-26,44159.992713782456,43400.31968653826,25072.704314276336,-141.91692637837073,654.3122117687205,25585.099599666686,193.43739536874153,12592.76478026059,13325.793341998628,10793.892607018886,30.3692959140119,790.0423231582064,1199.9999999999982,1200.0000000000018,0.1336185000036494
2025-07-27,86041.48198072074,84520.92173868514,62441.33202707836,345.34737688682435,1517.6031860526273,64304.282590017814,439.06474357181423,7124.46490363483,21843.85146643225,17693.519687810127,870.2320775839862,2390.7923196195857,1200.0000000000018,1200.0000000000018,0.13879899999665213
2025-07-28,88869.61931762654,88282.90479300618,65369.75172443584,15.603399652050342,2901.811851683479,68287.16697577137,605.8806747049991,6549.814513269159,23074.177479519443,18690.08375841075,207.52984612700448,794.244370747358,1200.0000000000018,1200.0,0.13717209999958868
2025-07-29,86055.94703749462,88437.35365155904,62954.35082779019,2300.9523038174166,1155.9121123620603,66411.21524396967,228.4726142583403,8146.994846513515,23418.870891072995,18969.285421769127,2381.4066140644236,0.0,1200.0,1200.0,0.14173489999666344
2025-07-30,78244.95826524968,84416.39510403485,58041.41780398344,6574.247029091397,1675.8891504092549,66291.55398348409,387.4058059371436,6402.724194676619,22620.119291028248,18322.296625732877,6171.436838785172,0.0,1200.0,1200.0000000000018,0.1501676999978372
2025-07-31,82935.64392356967,83950.51781990106,60259.30750823047,1201.8093393112147,2333.5132855768006,63794.63013311849,493.4796447968155,5456.001430275583,22594.735619766503,18301.735852010872,1014.8738963313966,0.0,1200.0000000000018,1200.0,0.15079719999994268
2025-08-01,43263.185072789274,41950.17776064803,24692.397941683204,-433.89674004571697,1119.344792285769,25377.845993923256,312.4875951761957,18601.890590296807,12681.13209926719,10271.717000406428,0.0,1313.0073121412393,1200.0,1200.0000000000018,0.13065020000067307
2025-08-02,44368.02069854319,42465.48437939107,24855.96643642486,-522.994636179806,1020.8289062324695,25353.800706477523,309.91095724449514,19378.531838474177,12980.04648518257,10510.20792035452,0.0,1902.5363191521212,1200.0000000000018,1204.0330362704044,0.1354875000033644
2025-08-03,72174.31718261124,70657.89378837086,52189.61952953801,-393.6770920442635,3644.6240767593376,55440.566514253085,713.6713781234274,4921.30523927706,19023.208823827666,15412.428879943775,0.0,1516.4233942403741,1204.0330362704044,1200.0000000000018,0.13776959999813698
2025-08-04,77305.51615060834,74544.35840816802,56610.684749068314,-903.0598969994182,2779.12757496837,58486.75242703727,640.7531102847663,6070.094870549575,19470.32402405195,15770.962459482083,663.3038417979835,3424.46158423831,1200.0000000000018,1200.0,0.13846469999771216
2025-08-05,75251.20110231104,75579.1510493497,54643.80299858545,614.5171111472953,1530.713412202882,56789.03352193563,331.55346409125656,6911.241890666434,20248.173102322075,16401.020212880878,1284.8510948484404,956.9011478097727,1200.0,1200.0000000000018,0.14315239999632468
2025-08-06,82187.15220795758,78386.9327674461,61507.04110090508,-1534.8325411357196,2292.141570794238,62264.350130563595,527.2742590692815,7020.716158191716,19889.955798194715,16110.86419653772,321.51719229398714,4121.736632805469,1200.0000000000018,1200.0000000000055,0.13720889999967767
2025-08-07,83636.70053215031,73775.92636397516,58398.53947113704,-2067.3516920377565,2532.9268714482982,58864.11465054758,646.9494520458998,7183.9157750283175,20268.28837364602,16417.31358265328,370.338560676474,10231.11272885161,1200.0000000000055,1200.0000000000018,0.14645329999621026
2025-08-08,41298.20814198116,41035.148056746286,22719.763005851168,-80.73139933874498,906.0242634424354,23545.05586995486,270.8386472949425,23002.04215252508,13309.33316587448,10780.559864358333,0.0,263.060085234878,1200.0000000000018,1200.0000000000018,0.12049800000022515
2025-08-09,41264.89223327354,41186.695759197144,23105.013247110757,-26.987077401961777,1596.8102079108426,24674.83637761964,486.9018237613682,20234.413691749785,13248.709953730107,10731.455062521385,0.0,78.19647407639235,1200.0000000000018,1200.0000000000055,0.11998890000177198
2025-08-10,77348.14030494198,74204.83222255937,56808.15762736324,-1113.214022295628,1880.0055652285123,57574.949170296124,413.2326956586513,5679.860347043399,19124.13432197176,15490.54880079713,0.0,3143.308082382597,1200.0000000000055,1200.0,0.1278567999979714
2025-08-11,76009.73949321517,76271.75003271077,53279.378980747875,817.6890321282415,2466.807541414344,56563.87555429046,523.6893286660742,8297.98534402009,20716.845705386455,16780.64502136303,705.4238347536249,443.4132952580321,1200.0,1199.9999999999982,0.14122870000210241
2025-08-12,81902.8631243736,78559.58048573599,58757.84453334304,-753.2974666009395,2526.7355669088165,60531.28263365092,598.9601939349596,7442.853874170539,20816.542923686357,16861.399768185947,183.20451011739829,3526.4871487550117,1199.9999999999982,1200.0,0.13083539999934146
2025-08-13,74494.62457269937,74632.06807399445,53335.87003453978,326.1904465493237,3681.809592673142,57343.87007376224,769.6090840985528,5553.715441972293,19615.69613747744,15888.71387135673,321.45780758507533,184.01430628997787,1200.0,1200.0,0.13627769999948214
2025-08-14,76043.80430001466,76847.86797382831,55545.316250013006,873.6508367749631,2039.0146008019715,58457.98168758994,424.40808452672957,7321.808481158758,21179.876809805035,17155.70021594208,1672.1860262428772,868.1223524292097,1200.0,1199.9999999999964,0.13134550000177114
2025-08-15,42422.70759156563,40884.6959003797,23939.061499520205,-516.8099215707771,1289.7836022189394,24712.03518016837,403.2593588528779,21609.086670367884,13258.6405554282,10739.49884989684,0.0,1538.0116911859343,1199.9999999999964,1199.9999999999982,0.11966169999504928
2025-08-16,43675.71608728196,40455.06954937504,24911.831063302,-989.1445918948089,2185.11783078221,26107.804302189405,525.5579543804001,21650.390839876516,12636.612090590821,10235.655793378566,37.01970821048466,3257.6662461174074,1199.9999999999982,1200.0000000000018,0.12569090000761207
2025-08-17,79775.62623936665,75026.23068893421,56012.425676958104,-838.2000230292824,2234.169868610847,57408.39552253967,460.623733980489,8354.28901810099,20879.851516563413,16912.679728416366,296.3400627285,5045.735613160951,1200.0000000000018,1199.9999999999982,0.138014000000112
2025-08-18,76900.28675593817,75219.23649550717,55705.8836944691,-643.8203084063487,2387.368471564663,57449.43185762741,555.3569871135986,7360.555913189698,21157.48396191793,17137.562009153524,0.0,1681.050260431002,1199.9999999999982,1200.0,0.13507349999781582
2025-08-19,76280.95173166727,75749.3780434833,55244.02482988288,-166.5429857284746,2684.5477748428602,57762.029618997265,481.89691707273096,8110.038887837129,20018.82117220474,16215.245149485843,0.0,531.5736881839671,1200.0,1200.0,0.13355970000338857
2025-08-20,83842.74223212995,79636.4658601312,59943.37647229807,-1065.8469676620539,3734.136049696559,62611.665554332576,714.2359985885244,5521.674297522461,21991.244708055878,17812.908213525265,248.42482505014306,4454.701197048886,1200.0,1200.0,0.14014009999664268
2025-08-21,80032.86696275283,75970.12101116352,56960.30921582439,-1096.2315849345891,2163.9368445876644,58028.01447547747,557.9977939376874,6627.95950894298,21346.004278025765,17290.26346520087,0.0,4062.745951589306,1200.0,1200.0000000000018,0.1380890999971598
2025-08-22,42383.160996425126,41186.70703617635,24052.761098050112,-377.9302460772712,2509.349927577492,26184.180779550334,588.619876164725,18079.664400718593,12974.174271697304,10509.08116007482,0.0,1196.4539602487735,1200.0000000000018,1199.9999999999982,0.13762670000141952
2025-08-23,41197.0238953484,41638.95592023515,22594.57281374674,474.90416848492356,1146.8887149194493,24216.365697151115,462.7210738745691,16911.67084410972,14000.0,11339.999999999998,441.9320248867499,0.0,1199.9999999999982,1200.0000000000036,0.15793779999876278
2025-08-24,75715.86868919406,73957.10392821782,55667.60326528041,-495.72636731536625,2262.482793793231,57434.359691758276,541.7875421750041,6728.728000233546,21245.126246452357,17208.552259626413,0.0,1758.76476097624,1200.0000000000036,1200.0,0.1445808999997098
2025-08-25,97452.68897707094,82035.9792073844,70112.06747885955,-5495.507793390767,873.0417791796906,65489.60146464848,214.86588620837574,7191.66724556878,22558.372796617477,18272.28196526016,0.0,15416.709769686553,1200.0,1199.9999999999964,0.13295360000120127
2025-08-26,76638.87069549391,76113.28900349006,55908.282455281435,-133.3589822713401,1042.6591564865846,56817.582629496676,298.7693096140939,6914.106830182551,20890.174208359284,16921.041108771016,304.5642650262962,830.1459570301357,1199.9999999999964,1200.0000000000036,0.14335099999880185
2025-08-27,77708.66530242143,79760.56998537062,56111.348325220286,2175.459959600288,484.37767077460836,58771.18595559518,113.8940279075789,7834.658579099149,21713.98193427561,17588.32536676324,2164.9351614097736,113.03047846058996,1200.0000000000036,1200.0000000000055,0.14296449999528704
2025-08-28,76509.7956953766,79478.61294065876,54694.38762377091,3564.9025749851758,2974.2143137123403,61233.50451246843,631.7955315420431,5241.745113110192,21583.517767143592,17482.64939138631,3007.362807677371,38.54556239520946,1200.0000000000055,1200.0,0.1484152000011818
2025-08-29,44728.22086377129,44005.11397953729,25257.359913245764,-235.91298120733393,773.5591447555072,25795.00607679394,141.41631187611375,18882.222346287723,14258.355763819402,11549.268168693714,0.0,723.1068842339964,1200.0,1200.0,0.13203540000176872
2025-08-30,43320.011028968176,42236.00748242464,24509.472361824584,-312.9777295597126,750.5697474291824,24947.064379694053,299.6484638733366,21341.04339524627,14115.224830096719,11433.332112378343,0.0,1084.0035465435317,1200.0,1200.0,0.13030590000198572
2025-08-31,76258.98291224898,76673.16232583224,54959.82992686576,734.1015259835774,2012.3833106681443,57706.314763517476,499.48126724169094,6743.818715193897,19906.325234456355,16124.123439909648,790.1818626440303,376.00244906075864,1200.0,1200.0,0.1415106000022206
2025-09-01,85364.35568745196,78222.162788955,54141.31232523221,-1958.074737465121,0.0,52183.23758776709,0.0,20570.268122162168,21461.89543926055,17384.13530580105,91.4771722605276,7233.670070757493,1200.0,1200.0,0.13811529999657068
2025-09-02,64477.842722439935,63686.923543607765,39923.12124910237,426.8295601292004,3234.2238415785987,43584.174650810164,696.1411648930474,6433.293548300244,20484.29110631879,16592.275796118218,782.2196000476725,1573.1387788798368,1200.0,1200.0000000000018,0.14576080000188085
2025-09-03,66483.10277137734,63460.52360398736,42801.862049485906,-596.8503729740289,4457.89059167038,46662.90226818226,1095.035097602811,5205.343214587707,20013.148615802485,16210.650378800023,179.19116485946057,3201.770332249437,1200.0000000000018,1200.0,0.13973590000387048
2025-09-04,65061.27144505282,61455.59546602474,42099.944317985566,-806.8905004585905,4943.351668291764,46236.40548581874,1255.5941224821213,4962.291998142426,20122.800212444366,16299.468172079933,202.73644621622762,3808.412425244306,1200.0,1200.0000000000055,0.1341801000016858
2025-09-05,41806.413435535884,40853.127711577385,20339.932909838295,-301.2780233489989,51.89868389556414,20090.55357038486,14.085678896882655,31292.91820612841,14308.471735575495,11558.438217896299,33.00798564014163,986.2937095986442,1200.0000000000055,1234.9154310220638,0.12274579999939306
2025-09-06,34325.71599223194,33898.1757554716,15860.481319676472,-133.9005775918546,940.0042472650566,16666.584989349674,286.18268406644904,22637.004946312263,16565.210485192518,12738.940691966738,0.0,427.5402367603381,1234.9154310220638,1989.2263210656274,0.13086060000568978
2025-09-07,60850.346682720454,61775.03383515055,38340.56094816951,1372.1643906744569,7619.405692164433,47332.13103100839,2076.918522956016,3386.3996043843526,22051.962242182177,16547.393105126626,2210.9472971267396,1286.2601446966487,1989.2263210656274,3450.0,0.1454180999971868
2025-09-08,63766.773553725405,62213.02773924686,39879.53583794994,295.9589977188757,21109.545422325624,61285.040257994435,6389.980212630384,3405.418327530632,23431.684689543596,17629.664598530308,737.9226152066008,2291.668429685134,3450.0,4950.000000000002,0.14187400000082562
2025-09-09,61794.813175535484,62155.808367950565,39549.229681283054,966.5300288574953,5806.499593898496,46322.25930403904,1212.5538213731415,5156.794024184481,21914.388939329227,16805.65504085667,951.5125628762413,590.5173704611627,4950.000000000002,6000.000000000004,0.15021440000055009
2025-09-10,72361.71706179008,69432.99239497102,45933.2670301029,-731.9399833397661,5428.383678804132,50629.71072556726,1199.1229362298122,5000.517021143483,22713.68242135449,18398.082761297137,122.79912410011863,3051.5237909191906,6000.000000000004,6000.000000000002,0.14199500000177068
2025-09-11,72066.33986734941,62126.540421401725,45387.025942485365,-2599.7460082998527,3092.5643113720803,45879.84424555759,709.1492439366029,5276.718647927607,21383.606495144115,17320.721261066727,0.0,9939.799445947694,6000.000000000002,6000.000000000004,0.13939120000213734
2025-09-12,34133.27093588623,34119.576750697524,15321.000021408694,-4.256987787279599,1300.2496537911425,16616.992687412556,322.89134632209596,19841.794581413753,16047.459555820356,12998.442240214492,0.0,13.69418518870475,6000.000000000004,6000.000000000004,0.13532450000275276
2025-09-13,34567.45192732249,34449.187258350445,15834.997753063977,-41.915763950456814,1239.2024272485953,17032.284416362116,406.25861145447954,23610.89166383785,17039.224855967073,13801.772133333336,0.0,118.2646689720431,6000.000000000004,6000.0,0.13226489999942714
2025-09-14,71940.0340409954,66304.25427237719,46932.55106590832,-2001.7325750358043,12576.070575744632,57506.88906661715,4506.626403309016,6442.869607123379,22466.77009769906,18198.083779136236,0.0,5635.779768618218,6000.0,6000.0000000000055,0.1456798000035633
2025-09-15,63820.78342168001,63597.21108993959,42015.27693435604,-59.89574855927769,2039.4440986086129,43994.82528440538,512.9920975219893,4947.475035112533,21556.302731661664,17460.60521264595,0.0,223.5723317404211,6000.0000000000055,6000.000000000004,0.1441685999998299
2025-09-16,77465.74617944755,70664.9379396346,50267.88153489708,-2279.5659268327727,2085.7387425041643,50074.05435056848,614.0252195583956,7624.704865076925,21907.833214646038,17745.344903863293,0.0,6800.8082398129445,6000.000000000004,6000.000000000002,0.1421762999962084
2025-09-17,73571.04018586157,69752.03996952971,48139.4788859298,-1402.360279717774,1006.4496208589753,47743.568227071,248.48916928838196,5864.104127471772,21980.561112349085,17804.25450100276,0.0,3819.000216331855,6000.000000000002,6000.0,0.14373120000163908
2025-09-18,65928.35265649905,69648.93886354564,42555.921419130784,2580.5142779961116,1206.5252892358517,46342.96098636275,280.2519005018181,6858.059692530511,21658.315551843607,17543.23559699332,3720.5862070465937,0.0,6000.0,6000.0,0.15265849999559578
2025-09-19,35709.644112997354,35329.190519073265,16676.978451000632,-125.40131348894712,459.70221287377166,17011.279350385455,216.7630999391801,16404.601302345778,16000.0,12959.999999999998,0.0,380.4535939240846,6000.0,6000.000000000002,0.1338015000001178
2025-09-20,35703.7011757084,35059.78836975955,16462.088093478804,-214.58596973729368,1726.4201007703589,17973.92222451187,533.5667822778021,16898.87266905084,16047.624998174657,12998.576248521471,0.0,643.9128059488338,6000.000000000002,6000.000000000002,0.12608769999496872
2025-09-21,73618.0663639497,70242.55466591335,47739.07170938784,-1015.0642196304009,819.5559629077743,47543.563452665214,254.40260985227587,8298.311544322958,20585.043411101833,16673.88516299249,0.0,3375.5116980363377,6000.000000000002,6000.0,0.13782209999772022
2025-09-22,77832.4171153029,69980.54796203198,51538.08370146474,-2646.6977185645787,1301.1880302751988,50192.574013175356,354.88785767211243,5615.434075162684,21610.430848463555,17504.448987255477,0.0,7851.869153270914,6000.0,6000.000000000002,0.13919719999830704
2025-09-23,76787.9805253125,73107.88145950616,50423.35201523223,-1244.2461877579603,569.3849017774014,49748.49072925167,127.92505327432067,6968.286564147531,21846.86508052428,17695.960715224668,0.0,3680.099065806335,6000.000000000002,6000.000000000002,0.1378199999962817
2025-09-24,66568.08549973131,68931.5614804763,43930.397908940504,1949.2169512133537,2165.322322607877,48044.937182761736,632.1222228817229,4407.632523788319,21541.18989247213,17448.363812902426,2369.931794633868,6.455813888888997,6000.000000000002,6000.0,0.1467495999968378
2025-09-25,73170.2670345004,72627.95960222461,47494.085632839284,2.5736055468631855,1649.3120899400521,49145.9713283262,455.2936905645571,8579.01894531641,21940.976039330373,17772.190591857605,160.0417403213923,702.3491725971666,6000.0,6000.000000000002,0.14193859999795677
2025-09-26,37307.06647037952,36082.80327164638,17039.675261337557,-364.5481635732254,152.31702818011672,16827.44412594445,40.6739099769417,15389.233681623327,16000.000000000002,12960.000000000005,0.0,1224.2631987331388,6000.000000000002,6000.0,0.13086350000230595
2025-09-27,35524.886253758756,35650.91619548862,16672.451191820615,126.04355071814066,1337.5478816060272,18136.042624144782,407.6857793164013,15217.293404861179,16000.033262862335,12960.026942918492,126.02994172986786,0.0,6000.0,5999.999999999998,0.1310269999994489
2025-09-28,73119.96357370802,74233.65996992205,48372.96706470549,839.0787748027569,2291.115480085645,51503.16131959389,494.53768361888365,6995.593841895421,22341.971815678167,18096.997170699313,1129.4995599860954,15.803163772052642,5999.999999999998,6000.0,0.14413409999906435
2025-09-29,77111.36958365941,71293.8901633478,50854.53899661471,-2032.8784101208305,2628.8632416945875,51450.52382818847,642.3295809175845,5064.053230259684,21643.552178977417,17531.277264971708,0.0,5817.4794203116035,6000.0,6000.0,0.13733729999876232
2025-09-30,75433.47473115326,75353.43532828317,50425.51972937086,194.18954398259064,1704.6863465273236,52324.39561988077,365.2990726507197,6049.278004227055,22354.113842316652,18106.832212276484,402.99390786888415,483.03331073897846,6000.0,6000.0,0.13809129999935976
2025-10-01,72520.15506057153,67184.77533605762,44640.54772320365,-1182.065557538945,48.91559769429283,43507.397763359,20.313187941976594,13426.86483687333,21666.853441015395,17550.151287222467,0.0,5335.379724513909,6000.0,6000.000000000002,0.13625730000057956
2025-10-02,76304.1255672467,65241.151636430026,46664.265701020115,-3355.6690471018483,1538.6894051481881,44847.28605906646,374.3941187250652,9825.125670582009,21366.5103574022,17306.87338949578,0.0,11062.973930816665,6000.000000000002,6000.0,0.13704779999898165
2025-10-03,34625.4249145734,34745.1153866275,14738.394024839676,103.42807991469505,120.68846901730741,14962.510573771679,37.87390989200833,23925.835596519508,16000.000000000004,12960.0,119.6904720540995,0.0,6000.0,6000.000000000002,0.12905339999997523
2025-10-04,35905.2710802736,34367.19750712061,15086.29968151185,-196.35053261582306,161.79437745345217,15051.743526349479,59.86029535964374,18207.318253052683,16440.826926811817,13317.06981071757,0.0,1538.0735731529858,6000.000000000002,6000.000000000002,0.12995210000008228
2025-10-05,74781.20403213624,65370.7296732366,45312.13817344695,-2630.3506707878105,1263.6005519191463,43945.38805457828,277.7092629502366,6827.128723491598,21501.837610676674,17416.488464648108,15.301920496458479,9425.776279396112,6000.000000000002,6000.000000000002,0.1375815999963379
2025-10-06,63936.719250671034,65176.38214435679,40555.87700457309,1038.8729008627176,2076.339755492819,43671.08966092863,521.6410910405555,3893.9083980141886,21426.345196753453,17355.339609370298,1473.8105608013718,234.1476671156127,6000.000000000002,6000.0,0.16882059999988996
2025-10-07,68823.11536001576,68353.87960761614,42048.974773416325,734.7360763218693,471.32254900376256,43255.03339874196,99.09257373414619,6493.9534757851225,22039.24055560613,17851.784850040967,845.033397566298,1314.2691499659138,6000.0,6000.0,0.14440839999588206
2025-10-08,65688.99010061604,64121.66048693624,39992.15067555086,-401.3783069691675,4832.877168888337,44423.649537470024,929.1716217676333,4507.116747937429,21395.893126840914,17330.67343274114,0.23720342005549355,1567.566817099853,6000.0,6000.000000000002,0.14319219999742927
2025-10-09,75644.86873302849,63868.08253592888,46681.37766242461,-3478.6756011636808,1718.690081812415,44921.39214307334,314.8422143454818,4356.564562192207,21401.992130256975,17335.61362550815,0.0,11776.786197099615,6000.000000000002,5999.999999999998,0.14220729999942705
2025-10-10,33581.703903435875,33181.393829274544,13852.956451351476,-120.65358999930909,424.8219561393747,14157.124817491542,162.43446639901396,20497.58866219838,18434.88798320269,14932.259266394176,0.0,400.31007416132275,5999.999999999998,6000.000000000002,0.1277455000054033
2025-10-11,34113.99989437128,34096.117007780325,14150.679974481327,-4.854701406741063,331.8678660956555,14477.693139170242,104.4127720635517,16876.87187691074,16933.391155788457,13716.04683618865,0.0,17.882886590950903,6000.000000000002,6000.000000000002,0.13208259999737493
2025-10-12,69381.05223317209,66719.25064077636,42434.23020646049,-641.1378506990054,4386.789699832323,46179.8820555938,991.2188771487362,5207.735891836506,20988.303382922364,17000.52574016712,136.00505378042394,2797.806646176158,6000.000000000002,6000.0,0.14502139999967767
2025-10-13,71169.00967365132,64767.10657502288,44110.51801572169,-1645.9783568314906,2444.9157596295586,44909.455418519756,670.8088989653131,4349.690807944931,21372.78613706981,17311.956771026544,137.18325049257305,6539.086349121003,6000.0,6000.000000000002,0.14304230000198004
2025-10-14,73606.28097713228,67642.24677241783,46466.27593655056,-1557.4584897526356,3150.6727538406294,48059.49020063855,906.4075844157746,3654.456006346948,21686.152985017434,17565.78391786412,172.36249442695123,6136.396699141409,6000.000000000002,6000.000000000002,0.15033920000496437
2025-10-15,76647.38712034948,70405.3213568451,48443.742168592304,-2101.856945609232,637.7714204273277,46979.6566434104,255.2852584698888,4455.578882609352,22552.653066871826,18267.648984166182,0.0,6242.065763504369,6000.000000000002,6000.000000000002,0.14047429999845917
2025-10-16,72940.56298107147,71862.22998521753,46702.48526838396,-226.45732672833202,849.5694381435567,47325.59737979918,224.79529609868644,4705.644010435994,23236.359583580183,18821.45126269995,205.9697108714305,1284.302706725358,6000.000000000002,6000.0,0.14490880000084871
2025-10-17,32193.917322726975,33117.07824560457,13474.756696405344,896.5615893183005,542.1799636291302,14913.498249352775,135.436338043796,14186.087135309192,16116.990166697413,13054.762035024905,923.1609228775912,0.0,6000.0,6000.0,0.13714279999476275
2025-10-18,34884.73655511629,33952.88846969697,14922.032967516003,-271.70698082266284,520.9045052426965,15171.230491936038,201.79605307370906,14690.837051733486,17827.6537072133,14440.399502842776,0.0,931.8480854193157,6000.0,6000.000000000002,0.1858511999998882
2025-10-19,74247.74413207297,71793.08418117961,47911.543093876666,-819.9398836036436,2285.0328111793024,49376.63602145233,515.0820306125697,4091.9494107103264,22792.075093413307,18461.58082566478,0.0,2454.6599508933555,6000.000000000002,6000.000000000002,0.14339679999829968
2025-10-20,77885.24547184125,74343.29380069247,50798.293852851464,-1461.0172313464764,724.4803641871584,50061.75698569214,191.6510443002463,5812.49726778572,22535.080055475366,18253.41484493504,0.0,3541.9516711487804,6000.000000000002,6000.000000000004,0.15205999999670894
2025-10-21,76698.46700689114,75228.71421805676,49923.727264035515,-631.34299071237,1138.9200663011982,50431.304339624345,314.7743371926641,4667.471432396817,23228.609330803243,18815.17355795063,0.0,1469.7527888343625,6000.000000000004,5999.999999999996,0.1532305999971868
2025-10-22,74598.43626864007,74414.18729648384,48371.73674115125,-77.1761677329949,801.6698188261457,49096.230392244404,196.27899379964947,4751.244853447885,22654.34072018738,18350.01598335178,0.0,184.24897215623423,5999.999999999996,6000.0,0.14673400000174297
2025-10-23,83757.9534973657,71479.51945634565,53928.845020533714,-3883.726476412551,1945.116891287248,51990.23543540841,590.111647306687,4331.077901923132,22942.40088629408,18583.34471789821,386.93993837033673,12665.37397939038,6000.0,6000.0,0.1462126999940665
2025-10-24,34285.24456492218,34390.00473986632,14336.226020222159,93.75541721008506,779.5594569252256,15209.54089435747,251.29407938707,12949.972481257742,17217.240112257816,13945.964490928833,104.7601749441398,0.0,6000.0,6000.0,0.13190250000479864
2025-10-25,34759.30023642741,34454.95939382096,14471.280941614652,-29.521061732825817,732.8568153857509,15174.616695267576,254.52704480425098,12060.40738585217,17108.664839156343,13858.018519716636,0.0,304.3408426064517,6000.0,6000.0,0.13857089999510208
2025-10-26,78454.61276763999,72812.54039080392,50823.99625538859,-1979.5740024404267,708.4592165074021,49552.88146945556,215.8229561090533,4226.490057370702,22408.217225661003,18150.655952785415,67.50076440815394,5709.573141244239,6000.0,5999.999999999998,0.1559975000018312
2025-10-27,71753.11470527839,74025.40307959038,46173.820676354866,2394.5163617245444,541.4141673402746,49109.751205419685,140.07199976840553,6293.468384924137,22733.815935620994,18414.390907853005,2291.1375505936767,18.84917628168546,5999.999999999998,6000.0,0.15871819999665604
2025-10-28,71811.64115066454,73774.23311251598,46628.176968186795,2310.2970935320604,1262.1457454380127,50200.61980715687,341.39338897024413,3936.9275032884075,22138.301569462223,17932.024271264396,1988.8852733685624,26.29331151710403,6000.0,6000.0,0.1555441999953473
2025-10-29,79747.76141489382,78892.86748658662,52437.1685533945,-206.92222395913478,554.6622326042268,52784.90856203959,152.20514643171123,5193.996992325052,23888.52021417521,19349.701373481923,146.21591924730978,1001.1098475545093,6000.0,6000.0,0.15329900000142516
2025-10-30,71339.41082049048,72515.43742858004,47006.81234976099,1623.048441808126,1765.617579311783,50395.4783708809,414.78674256031763,3972.9051517663,21944.744049337227,17775.242679963158,1346.135636593389,170.10902850382791,6000.0,6000.0,0.15189120000286493
2025-10-31,36771.48536580529,35808.96447553748,15856.17241176241,-291.93410402774873,273.41099346038555,15837.649301195048,87.1117150534281,8646.484750730395,17606.838806283427,14261.539433089576,0.0,962.520890267807,6000.0,5999.999999999998,0.1420209000025352
2025-11-01,35736.07488788184,35611.214384703155,14970.476553515142,-34.63411421241997,386.031070930492,15321.873510233214,203.0440303329322,9926.839623153097,17596.73872920868,14253.358370659029,0.0,124.86050317869542,5999.999999999998,6000.0,0.14225590000205557
2025-11-02,77480.24458261,77691.92882247595,51595.35570254058,746.066905475278,1211.2417807043375,53552.6643887202,318.8179434679796,4821.825043263284,23118.619943933267,18726.082154585943,1346.2272962179693,1134.5430563520094,6000.0,5999.999999999998,0.16065950000484008
2025-11-03,82758.40471800874,78575.65212720261,55333.25765983986,-1607.6426930826165,658.2652058101628,54383.880172567406,224.8839739096518,4986.453277949259,22679.75020962992,18370.597669800234,0.0,4182.752590806116,5999.999999999998,5999.999999999998,0.15211579999959213
2025-11-04,76383.35032935378,76416.35290763373,50453.30739838115,52.35936302672727,1366.6062976659086,51872.273059073785,354.4048452927237,4840.948532189555,22893.353617913464,18543.6164305099,55.01075153016916,22.008173250225695,5999.999999999998,6000.000000000002,0.15633089999755612
2025-11-05,84456.1600762687,78555.20651236209,57012.483389150526,-2293.6067595697095,981.3835378484944,55700.26016742931,264.2875331351586,4882.6510899501445,22414.857309896954,18156.034421016535,0.0,5900.953563906631,6000.000000000002,6000.0,0.14587519999986398
2025-11-06,78909.81464670456,79211.28281438697,53296.40248189054,521.1013717002457,1963.4380423584298,55780.94189594921,438.96695259281665,3993.730415821985,22562.814742935858,18275.879941778043,365.88192703050436,64.41375934809025,6000.0,6000.000000000002,0.15611919999719248
2025-11-07,36228.74624860251,36355.74236940647,15077.62073081078,122.32802941855076,590.9092512922512,15790.858011521583,169.8494669672849,9695.16921525079,18484.004409419118,14972.043571629485,126.99612080396349,0.0,6000.000000000002,6000.000000000004,0.15397560000201338
2025-11-08,37396.93906644634,37396.93906644634,15620.767858296103,0.0,427.4094214137078,16048.177279709811,139.2681963456988,10031.947918700971,19542.380232058276,15829.327987967208,0.0,0.0,6000.000000000004,6000.000000000002,0.1479083999984141
2025-11-09,81487.32759726091,80536.13986266762,54946.09251699891,-338.54084472648253,663.0887704835288,55270.640442755954,176.07625309970672,4974.594593752712,23109.496519375174,18718.69218069389,45.314847747426484,996.5025823407207,6000.000000000002,6000.0,0.15393720000429312
2025-11-10,81836.60044199845,82655.20716591903,56017.05043521937,1707.080367729636,1348.359427260571,59072.49023020957,322.7444502178033,4717.099537299503,23170.57357282804,18768.164593990714,1937.333240806803,1118.7265168862268,6000.0,5999.999999999998,0.15185150000615977
2025-11-11,84478.92303666902,80634.03030001072,57630.33481006352,-1613.8971858298428,617.5957286537007,56634.033352887374,167.21495314166344,5040.247312920024,22115.675124029964,17913.69685046427,0.0,3844.8927366582902,5999.999999999998,6000.0,0.14108779999878607
2025-11-12,80809.08409644212,80253.21869372693,54253.44227528443,359.332731716087,844.8612019934941,55457.636208994016,163.9376149890026,5188.398415605885,22488.263911105467,18215.49376799543,649.1136720182633,1204.979074733456,6000.0,6000.0,0.15161819999775616
2025-11-13,78827.7690237478,79627.93810669196,53893.09651680471,1349.7329090230821,2325.0373143202887,57567.866740148085,559.8516401167807,3651.5928645559206,21791.187187295596,17650.861621709435,1189.386815684833,389.2177327406541,6000.0,6000.0,0.14625770000202465
2025-11-14,37053.34097520687,37053.34097520687,15640.011261098285,0.0,481.1855973379961,16121.19685843628,170.70162689172187,6138.923342816952,18350.862943587574,14864.198984305931,0.0,0.0,6000.0,6000.000000000002,0.13186409999980242
2025-11-15,41472.91897841696,39973.13230102449,17728.28968786821,-341.74472157748505,731.3099911667462,18117.85495745747,221.24891705585546,8279.352801649518,19490.2184198114,15787.076920047237,0.0,1499.7866773924607,6000.000000000002,6000.0,0.13889070000004722
2025-11-16,81150.37295742781,81885.53047610165,55352.178212132676,1108.4748351547016,2040.8753765572217,58501.5284238446,454.4283080236062,3619.9310400183817,22555.17558301859,18269.69222224506,775.7651828275664,40.60766415373746,6000.0,6000.0,0.154981299998326
2025-11-17,78485.60259178575,81614.20698878294,53360.64357326171,3500.820031533622,840.9156432932497,57702.37924808858,259.94224167452103,4898.816090136985,22524.09898414288,18244.520177155733,3128.6043969971925,0.0,6000.0,6000.000000000002,0.1571144999943499
2025-11-18,82512.47008280948,82114.12839267416,56901.54222269015,-176.6083928599469,1606.4848856130577,58331.41871544326,388.28912075519855,3304.7786292581104,22668.87921493642,18361.792164098497,0.0,398.3416901353163,6000.000000000002,6000.000000000002,0.14259770000353456
2025-11-19,81658.96288180067,83804.1772763172,56670.69005512426,2851.0824565690946,1329.7058011883487,60851.4783128817,340.49332662060806,4483.1536284329595,22595.817760551865,18302.61238604701,2280.1528255953845,134.9384310788505,6000.000000000002,6000.000000000002,0.15708899999663117
2025-11-20,81360.57586735408,81904.07220898943,55683.39634157058,757.7880286383574,1787.306651323143,58228.491021532085,444.12702392645457,3312.624043676521,22328.942925821168,18086.443769915146,543.4963416353261,0.0,6000.000000000002,6000.0,0.17213919999994687
2025-11-21,37716.6363516118,37769.29792062807,16332.895531781622,30.75989975100152,828.8701309681521,17192.525562500774,338.0939633534402,5686.175405494609,18720.170588527595,15163.338176707355,64.54007650071031,11.878507484428553,6000.0,6000.000000000004,0.14185490000090795
2025-11-22,43657.92406723441,40285.15215877129,18322.02012609594,-565.1548392117231,897.1555552436473,18654.020842127866,313.97057964031046,6814.511571371723,18762.00886161343,15197.227177906883,0.0,3372.7719084631144,6000.000000000004,6000.0,0.1427841000004264
2025-11-23,82534.32295222259,83072.49897767902,56829.86548751098,953.7309129774515,1190.04410238178,58973.64050287021,312.53210623200164,3810.99533347858,22852.312984732147,18510.373517633037,684.6990464441587,146.5230209877277,6000.0,6000.0,0.15755809999609482
2025-11-24,81334.75689086085,81193.84931965612,55903.84804863908,-46.71567279484414,2302.296874601283,58159.42925044552,560.9206319955285,3314.7106202789964,22516.39805985601,18238.282428483366,0.0,140.90757120473944,6000.0,6000.000000000002,0.14657520000400837
2025-11-25,92251.80248177958,85168.56279791918,64941.0804791776,-3071.154258170412,606.2913578940712,62476.21757890126,221.5809500964322,4945.830891929124,22503.433628525436,18227.781239105607,0.0,7083.239683860387,6000.000000000002,6000.0,0.13988000000244938
2025-11-26,87390.7821358575,85968.32993259786,61260.197265777475,-427.6184859507335,1155.6884948382174,61988.267274664955,255.48193623215002,5183.576773426945,22539.83269510384,18257.26448303411,148.57032690523175,1571.0225301648836,6000.0,6000.0,0.15421510000305716
2025-11-27,84680.48773688747,84556.54296513187,59091.67647027887,-24.258680136602816,1226.9298078088202,60294.347597951084,261.9702634523221,4757.194596817241,22528.55736017698,18248.131461743356,32.6713957248669,156.61616748045782,6000.0,6000.0,0.1505756000042311
2025-11-28,40200.966885916656,40105.55714197458,16751.730461969797,-32.18867541571411,774.9272609652461,17494.46904751933,214.0825996099965,5724.366164679515,19337.02645739507,15662.991430490008,0.0,95.40974394207112,6000.0,6000.0,0.14397949999693083
2025-11-29,50262.17856266771,44091.603270351436,21231.26799484776,-1293.2735374292743,458.195999762282,20396.190457180768,215.4574544197585,5723.250165688951,19233.476100432825,15579.115641350583,0.0,6170.575292316273,6000.0,6000.000000000002,0.1410208999986935
2025-11-30,88038.42068698758,88025.9350361265,62013.24712701163,801.8211397512415,1339.571552446695,64154.639819209566,261.7108479989759,3765.8114207425942,22510.55971955896,18233.553372842758,723.6699444538191,736.1555953149092,6000.000000000002,6000.000000000002,0.1435672000006889
2025-12-01,90832.25794954732,86545.5824757618,69222.50655933234,-2211.1072433643944,23339.81007816693,90351.20939413487,5120.86119032494,1123.4710603762574,22337.078275669177,18093.033403292033,0.0,4286.675473785527,6000.000000000002,6000.000000000002,0.1398265000025276
2025-12-02,99739.82877378288,95729.25044710023,77617.37800069682,-1982.4194402858748,5184.44636989825,80819.40493030919,1145.665980243349,3886.655622490563,22897.10976238435,18546.658907531324,5.045272853173401,4015.623599535808,6000.000000000002,6000.000000000002,0.140752600003907
2025-12-03,91897.75592126726,95370.93321638316,69113.87306719332,4618.408995050708,1475.4814534566651,75207.76351570069,411.3068980670671,4193.6718361513485,23293.787955958953,18867.968244326752,3473.1772951158864,0.0,6000.000000000002,6000.0,0.14496820000204025
2025-12-04,100125.81875274307,95064.73607226461,76105.11760390572,-2481.800694336595,3154.5552102522997,76777.87211982143,575.6494840909484,4368.003666920928,23690.384944392732,19189.21180495811,0.0,5061.082680478468,6000.0,6000.0,0.13188570000056643
2025-12-05,47785.1527761485,46584.08379258811,21132.60490685574,-250.40832373897666,6454.475891061397,27336.67247417816,2068.9918224628814,3487.5249302594248,20283.805270832796,16429.882269374564,2.145003233547243,1203.2139867939316,6000.0,6000.000000000002,0.14011480000408483
2025-12-06,54060.02587580281,52285.69337166348,25212.204925805352,-489.7919232686752,2127.748397289315,26850.161399825993,532.5718623031453,5087.951592394733,21398.330657395913,17332.647832490686,0.0,1774.3325041393282,6000.000000000002,6000.000000000004,0.14345719999982975
2025-12-07,102741.48622681739,96854.25274327176,78481.98778114143,-2805.558721199102,3278.8525674588445,78955.28162740117,677.8495189444166,5180.735918360633,24729.921546608195,20031.236452752637,0.0,5887.233483545613,6000.000000000004,6000.000000000002,0.1334007000004931
2025-12-08,104817.56668102424,102065.86346885993,79690.70231721103,-1248.0089108496377,298.36235553386535,78741.05576189527,36.694950433582164,9691.519073079522,24020.14857656487,19456.320347017547,0.0,2751.703212164318,6000.000000000002,6000.0,0.14153330000044662
2025-12-09,102120.45192826561,98312.502080687,76701.56028641679,-1688.9862883118572,1296.8721282903073,76309.44612639524,244.17167747639604,6525.452296161569,24435.616817553528,19792.84962221836,6.898379675996807,3814.848227254588,6000.0,6000.0,0.13566810000338592
2025-12-10,97664.54549660077,97497.62415632232,73840.32729538581,242.76034434538462,1633.0234939027494,75716.11113363394,287.81154667353053,4685.140422354578,24803.562178813656,20090.88536483906,558.6124150933306,725.533755371783,6000.0,6000.000000000002,0.1440506999970239
2025-12-11,100960.5458815692,97257.77576319416,75290.82086939501,-1665.3532339765193,720.5243283110906,74345.99196372958,161.3065228288009,6823.844181619672,24389.386338964665,19755.40293456138,0.0,3702.770118375038,6000.000000000002,6000.000000000002,0.13616840000395314
2025-12-12,58936.415584393195,58949.82989534668,28016.91711716671,225.5018619024711,805.2151945713213,29047.6341736405,227.3928024540681,11485.19358285964,20934.819113725134,16957.20348211736,318.97848691550166,305.5641759620179,6000.000000000002,6000.0,0.14951780000410508
2025-12-13,56761.29235493751,55210.23804473474,27082.665007764554,-307.5969167614181,498.6279475595649,27273.696038562703,108.9185486506446,7485.403842718503,21237.99667017655,17202.777302843006,291.8464913004992,1842.900801503278,6000.0,6000.000000000002,0.14866489999985788
2025-12-14,96085.31372308357,97051.21625667311,72430.71257654419,1195.5913329745872,2942.899334590914,76569.20324410968,491.1865250389988,4105.582298512283,24516.308858946482,19858.210175746655,965.902533589538,0.0,6000.000000000002,6000.0,0.14712340000187396
2025-12-15,95965.97266202427,97640.16542834329,72360.46582376452,2245.3133895317806,1826.5595880194107,76432.33880131572,373.925282863184,3903.799775740578,24424.910362101175,19784.177393301954,1674.192766319016,0.0,6000.0,6000.0,0.15029019999929005
2025-12-16,101033.04749560868,98957.81546957887,77062.94287915704,-1067.1600226611,389.6356790609031,76385.41853555683,89.28409587068973,4957.385348510795,24587.488861081278,19915.865977475834,0.0,2075.2320260298093,6000.0,6000.0,0.14039860000411863
2025-12-17,101499.4074958374,97141.08332209758,77368.73932617172,-2137.3022222989553,1123.169603366331,76354.6067072391,257.25389867322997,4564.436464945451,24431.861521887797,19789.807832729115,0.0,4358.324173739816,6000.0,6000.000000000002,0.13790739999967627
2025-12-18,96868.64184770192,96327.3322045401,72792.1602261269,-229.1933174465481,516.7825118369348,73079.74942051728,186.89591171978032,4536.797963123436,24269.27992878833,19658.116742318554,0.0,541.3096431618113,6000.000000000002,6000.0,0.14018180000130087
2025-12-19,51870.86949156084,51601.05482205119,24022.307941244002,-36.15427019035866,1134.7305342231552,25120.884205276798,321.6443340461671,5001.572397137057,21119.660310317366,17106.924851357067,133.47615974022403,403.2908292498758,6000.0,6000.000000000002,0.15101519999370794
2025-12-20,53965.90542133961,52216.31126883843,25105.431778229296,-509.51914389673124,460.6391588859473,25056.551793218514,135.8938944465802,5430.483827396985,21396.67939941065,17331.310313522627,0.0,1749.5941525011772,6000.000000000002,6000.000000000002,0.14202799999475246
2025-12-21,99545.92070534833,97959.7323424253,75203.69392688313,-769.0601022042016,2055.8240445174056,76490.45786919634,470.6875507022578,4685.673201167044,24773.4990804939,20066.53425520006,0.0,1586.1883629230279,6000.000000000002,6000.0,0.14308879999953206
2025-12-22,97304.39289134786,97440.30952625728,74283.41374589408,145.42740912102138,1581.934318253578,76010.77547326869,364.9835171468075,4160.737925382065,24774.358077308865,20067.23004262018,135.91663490942472,0.0,6000.0,6000.000000000002,0.14301630000045407
2025-12-23,99511.9520560537,96861.2732133514,75214.43514834155,-1264.4755598757583,743.7217930110222,74693.68138147681,173.49382233398376,5090.319113775344,24665.028360930024,19978.672972353314,0.0,2650.6788427023134,6000.000000000002,6000.000000000004,0.13614439999946626
2025-12-24,98535.41542277823,97692.3340823896,74372.53408737783,-430.4041645092309,651.2856420036592,74593.41556487225,176.39399262793665,5260.723748765029,25018.131629399148,20264.686619813307,0.0,843.0813403886287,6000.000000000004,6000.000000000002,0.13610440000411472
2025-12-25,94880.40804427597,96013.35530103128,70938.2482290026,1540.757760684693,2179.777230417229,74658.78322010451,505.8498552756219,4017.0909327875775,24682.451000978857,19992.785310792875,1135.929716010843,2.982459255557842,6000.000000000002,6000.000000000002,0.14453190000131144
2025-12-26,51605.657101161014,51483.62285568317,23543.769160301174,113.51818623922182,793.6364502893803,24450.923796829775,214.20513597435158,4601.058159058761,21521.82841718648,17432.68101792105,153.5782520527681,275.61249753061634,6000.000000000002,6000.0,0.14440830000239657
2025-12-27,53004.754059007355,52392.07583818256,23772.435128780424,-176.12611111980527,840.3873625437714,24436.69638020439,243.94669372391778,5153.9842832172235,21806.469379066228,17663.24019704364,0.0,612.6782208247997,6000.0,6000.0,0.1441833999924711
2025-12-28,97853.64695540155,96549.48960335506,73222.53612309859,-629.9062754016743,862.2901454847222,73454.91999318163,213.1208012705838,5313.7347144681835,24419.05757977618,19779.436639618707,0.0,1304.1573520464794,6000.0,5999.999999999998,0.13573759999781032
2025-12-29,96782.31957260249,97350.26736188322,71977.59155886028,729.4269721533578,809.1671473773839,73516.18567839103,174.7498603365337,5264.3223239249255,24931.203324358656,20194.27469273051,611.5422907890425,43.59450150832288,5999.999999999998,5999.999999999998,0.14598449999903096
2025-12-30,97285.3229631762,94496.87206002176,72020.21960945778,-1198.844671926337,2068.923797565753,72890.29873509721,372.1838693897927,4029.3626002147803,24291.003837877764,19675.713108680986,0.632062053205118,2789.08296520763,5999.999999999998,6000.0,0.15000260000306298
2025-12-31,98910.12455410155,97646.85435884344,74438.13558461423,-459.2973373450625,1602.134468572874,75580.97271584203,421.29871488525566,4705.740202840199,24820.999671342888,20105.009733787738,0.0,1263.2701952581228,6000.0,6000.0,0.14041930000166758
